RecordType,Field1,Field2,Field3,Field4,Field5,PartNumber,Quantity,Field8,Date,Price,Field11,Field12,VendorName
8888RTV,0,5773456,121,5125,3,SBV-140BW,8,612,20260116,21.02,11344693,8996,ADI
8888RTV,0,5770345,73,4383,1,ADC-AC-X1100-2PSE,3,623,20260116,623.92,11340141,220865,ALARM.COM INC
8888RTV,0,5773456,109,5216,1,5828V,1,824,20260119,65.92,11348103,8996,ADI
8888RTV,0,5773456,130,5296,1,ANE-L7012R,1,588,20260119,88.43,11351105,8996,ADI
8888RTV,0,5773456,415,5391,1,XRN-1620SB1-8TB,1,677,20260120,947.82,11353834,8996,ADI
8888RTV,0,5770345,74,4450,4,ADC-AC-X100,1,232,20260120,269,11349034,220865,ALARM.COM INC
8888RTV,0,5773456,157,5462,1,XRN-420S-4TB,1,826,20260121,405.38,11355999,8996,ADI
8888RTV,0,5773456,81,5432,1,XRN-820S-2TB,6,685,20260121,498.43,11355415,8996,ADI
8888RTV,0,5770345,15,4480,1,ADC-V724X,1,688,20260122,104.26,11353386,220865,ALARM.COM INC
8888RTV,0,5770345,74,4473,1,ADC-AC-X100,1,827,20260122,269,11352167,220865,ALARM.COM INC
8888RTV,0,5770415,36,676,1,QS5210-840,132,503,20260120,43.7,11347001,256872,"QOLSYS, INC"
8888RTV,0,5770462,21,2923,1,710536EWTA,2000,677,20260121,0.225166452,11355865,6332,PAIGE ELECTRIC CO LP
8888RTV,0,5773456,176,5423,1,XRN-420S-2TB,1,837,20260121,293.72,11355386,8996,ADI
8888RTV,0,5282114,173,37449,10,1361-GT,12,501,20260119,5.85,11322636,256963,ADEMCO INC
8888RTV,0,5773456,196,4036,1,CB110,6,342,20260116,8.68,11304758,8996,ADI
8888RTV,0,5773456,176,5214,1,XRN-420S-2TB,2,357,20260119,293.72,11347873,8996,ADI
8888RTV,0,5770345,74,4476,3,ADC-AC-X100,1,659,20260120,269,11353098,220865,ALARM.COM INC
8888RTV,0,5773456,362,5128,1,WM110,40,814,20260120,6.31,11344708,8996,ADI
8888RTV,0,5773456,224,5490,2,QNE-C9013RL,11,686,20260121,245.63,11358075,8996,ADI
8888RTV,0,5773456,196,5152,1,CB110,12,782,20260121,8.68,11346787,8996,ADI
8888RTV,0,5770345,15,4399,1,ADC-V724X,1,867,20260121,104.26,11342063,220865,ALARM.COM INC
8888RTV,0,5773456,426,5383,3,SBV-A14B,9,675,20260122,21.02,11353696,8996,ADI
8888RTV,0,5773456,196,5211,1,CB110,9,816,20260122,8.68,11347793,8996,ADI
8888RTV,0,5773456,69,5275,5,0E-22LED3,1,827,20260122,112.89,11350193,8996,ADI
8888RTV,0,5773456,348,5345,1,FP280,1,379,20260122,11.58,11353118,8996,ADI
8888RTV,0,5773456,81,5237,2,XRN-820S-2TB,4,819,20260116,498.43,11348939,8996,ADI
8888RTV,0,5773456,162,5144,3,XRN-1620SB1-4TB,1,827,20260116,790.61,11345133,8996,ADI
8888RTV,0,5773456,81,5185,1,XRN-820S-2TB,2,940,20260116,498.43,11347005,8996,ADI
8888RTV,0,5770462,23,2874,1,710548EWTA,6000,718,20260119,0.139926786,11344561,6332,PAIGE ELECTRIC CO LP
8888RTV,0,5773456,197,5110,2,SBP-140WMW,17,823,20260119,29.25,11344398,8996,ADI
8888RTV,0,5272817,174,23833,1,AHVR0422T,1,677,20260119,192.68,11351372,101933,MATRIX NETWORK INC
8888RTV,0,5773456,91,5493,1,ANO-L7012R,1,677,20260121,57.64,11358092,8996,ADI
8888RTV,0,5773456,7,5444,1,ARN-410S-2TB,1,888,20260121,248.91,11355478,8996,ADI
8888RTV,0,5773456,100,5476,1,EA200-12,2,469,20260121,95.8,11356223,8996,ADI
8888RTV,0,5770345,52,4402,3,ADC-VACC-MNT110,26,501,20260122,15.05,11342197,220865,ALARM.COM INC
8888RTV,0,5770342,60,1391,1,JOS-1AW,1,669,20260116,560.15,11349609,8620,AIPHONE CORPORATION
8888RTV,0,5773456,176,5165,2,XRN-420S-2TB,3,821,20260116,293.72,11346876,8996,ADI
8888RTV,0,5773456,7,5090,2,ARN-410S-2TB,6,690,20260116,248.91,11344171,8996,ADI
8888RTV,0,5773456,393,4856,2,ARN-810S-2TB,2,821,20260116,277.95,11335319,8996,ADI
8888RTV,0,5773456,81,5032,3,XRN-820S-2TB,2,708,20260119,498.43,11341930,8996,ADI
8888RTV,0,5282114,95,37449,13,SIXGBA,7320,501,20260119,36.26,11322636,256963,ADEMCO INC
8888RTV,0,5770426,12,1538,1,B-ACS6100R-E,1,573,20260121,1016.18,11349726,191253,BRIVO SYSTEMS LLC
8888RTV,0,5752082,230,4881,1,WG-50781108,1,588,20260121,109.74,11358144,8996,ADI
8888RTV,0,5752082,230,4889,1,WG-50781108,3,682,20260122,109.74,11360603,8996,ADI
8888RTV,0,5773456,394,5236,3,ANO-L7022R,6,316,20260120,57.64,11348949,8996,ADI
8888RTV,0,5773456,103,5264,1,SBP-125WMW1,30,379,20260120,29.25,11349718,8996,ADI
8888RTV,0,5770457,17,1355,1,20NKS-00-000000,3,697,20260120,185.09,11351001,7092,HID GLOBAL
8888RTV,0,5773456,6,5504,1,XRN-1620SB1-12TB,1,632,20260121,1447.45,11358155,8996,ADI
8888RTV,0,5773456,43,5459,1,XRN-820S-4TB,1,827,20260121,572.87,11355934,8996,ADI
8888RTV,0,5770345,10,4498,1,ADC-AC-X1100,1,688,20260122,330,11355910,220865,ALARM.COM INC
8888RTV,0,5773456,103,5455,6,SBP-125WMW1,4,262,20260122,29.25,11355864,8996,ADI
8888RTV,0,5773456,105,5300,1,TPE-TG80G,6,826,20260116,87.41,11351161,8996,ADI
8888RTV,0,5752082,226,4865,1,WG-50781101,20,294,20260116,109.74,11349287,8996,ADI
8888RTV,0,5770426,7,1527,2,B-ACS6100-DB,1,137,20260116,222.38,11348738,191253,BRIVO SYSTEMS LLC
8888RTV,0,5773456,100,5326,1,EA200-12,2,469,20260116,95.8,11351755,8996,ADI
8888RTV,0,5770345,10,4416,1,ADC-AC-X1100,1,469,20260119,330,11344266,220865,ALARM.COM INC
8888RTV,0,5770426,33,1533,1,B-ACS300-E-B,1,688,20260120,495,11349089,191253,BRIVO SYSTEMS LLC
8888RTV,0,5773456,426,5290,2,SBV-A14B,8,379,20260120,21.02,11351072,8996,ADI
8888RTV,0,5773456,394,5354,4,ANO-L7022R,4,831,20260120,57.64,11353185,8996,ADI
8888RTV,0,5773456,176,5529,1,XRN-420S-2TB,1,826,20260121,293.72,11358801,8996,ADI
8888RTV,0,5770426,33,1550,1,B-ACS300-E-B,1,815,20260121,495,11354147,191253,BRIVO SYSTEMS LLC
8888RTV,0,5773456,279,5531,2,ANV-L7012R,6,708,20260121,57.64,11358886,8996,ADI
8888RTV,0,5773456,146,5459,2,TPE-TG51G,1,827,20260121,42.43,11355934,8996,ADI
8888RTV,0,5770426,5,1569,1,B-ACS6000-MBE,1,831,20260122,957.78,11360659,191253,BRIVO SYSTEMS LLC
8888RTV,0,5773456,196,5293,1,CB110,8,816,20260122,8.68,11351066,8996,ADI
8888RTV,0,5770415,46,680,1,QR0096-840,10,816,20260122,5.28,11351722,256872,"QOLSYS, INC"
8888RTV,0,5773456,22,5485,1,5828,1,274,20260122,63.1,11357123,8996,ADI
8888RTV,0,5773456,224,5435,7,QNE-C9013RL,2,842,20260122,245.63,11355423,8996,ADI
8888RTV,0,5773456,224,5526,2,QNE-C9013RL,6,842,20260122,245.63,11358457,8996,ADI
8888RTV,0,5773456,43,5125,1,XRN-820S-4TB,1,612,20260116,572.87,11344693,8996,ADI
8888RTV,0,5773456,81,5191,1,XRN-820S-2TB,1,818,20260116,498.43,11347165,8996,ADI
8888RTV,0,5773456,416,5278,2,ANE-L7012L,2,888,20260116,88.43,11350922,8996,ADI
8888RTV,0,5773456,159,5256,2,0E-CAT5CMWH,4,275,20260116,100.99,11349549,8996,ADI
8888RTV,0,5773456,49,5303,1,HCO-7070RA,1,266,20260119,108.08,11351202,8996,ADI
8888RTV,0,5770415,43,676,2,IQR-PG,48,503,20260120,155,11347001,256872,"QOLSYS, INC"
8888RTV,0,5773456,81,5349,1,XRN-820S-2TB,1,573,20260120,498.43,11353146,8996,ADI
8888RTV,0,5773456,279,5504,2,ANV-L7012R,4,632,20260121,57.64,11358155,8996,ADI
8888RTV,0,5770462,2,2926,1,493494,8000,678,20260121,0.1300625,11358204,6332,PAIGE ELECTRIC CO LP
8888RTV,0,5773456,423,5447,1,WD22PURZ,1,837,20260121,78.46,11355500,8996,ADI
8888RTV,0,5773456,157,5489,1,XRN-420S-4TB,1,676,20260122,405.38,11358078,8996,ADI
8888RTV,0,5773456,121,5275,3,SBV-140BW,6,827,20260122,21.02,11350193,8996,ADI
8888RTV,0,5773456,423,5119,1,WD22PURZ,1,621,20260122,78.46,11344518,8996,ADI
8888RTV,0,5773456,279,5455,4,ANV-L7012R,3,262,20260122,57.64,11355864,8996,ADI
8888RTV,0,5752082,35,4868,2,WG-21145501,10,826,20260116,50.58,11351161,8996,ADI
8888RTV,0,5770345,3,4422,1,ADC-AC-ET20,3,676,20260116,173.63,11344698,220865,ALARM.COM INC
8888RTV,0,5770415,36,666,3,QS5210-840,95,503,20260120,43.7,11336009,256872,"QOLSYS, INC"
8888RTV,0,5770462,33,2911,1,9X2445E4B1,8000,348,20260120,0.121425407,11353308,6332,PAIGE ELECTRIC CO LP
8888RTV,0,5773456,146,5215,2,TPE-TG51G,1,827,20260120,42.43,11347985,8996,ADI
8888RTV,0,5773456,43,5445,1,XRN-820S-4TB,1,818,20260121,572.87,11355486,8996,ADI
8888RTV,0,5770345,52,4435,2,ADC-VACC-MNT110,151,501,20260122,15.05,11346986,220865,ALARM.COM INC
8888RTV,0,5770345,8,4481,1,ADC-AC-MR52,2,817,20260122,372.55,11353471,220865,ALARM.COM INC
8888RTV,0,5773456,7,5441,3,ARN-410S-2TB,1,343,20260122,248.91,11355424,8996,ADI
8888RTV,0,5770415,46,684,1,QR0096-840,1,880,20260122,5.28,11353990,256872,"QOLSYS, INC"
8888RTV,0,5773456,426,5435,3,SBV-A14B,38,842,20260122,21.02,11355423,8996,ADI
8888RTV,0,5773456,416,5237,5,ANE-L7012L,6,819,20260116,88.43,11348939,8996,ADI
8888RTV,0,5770345,15,4411,1,ADC-V724X,5,137,20260116,104.26,11344034,220865,ALARM.COM INC
8888RTV,0,5773456,416,5175,4,ANE-L7012L,11,357,20260116,88.43,11346875,8996,ADI
8888RTV,0,5770342,11,1396,2,JV-1FD,1,826,20260116,291.55,11351246,8620,AIPHONE CORPORATION
8888RTV,0,5770415,46,673,1,QR0096-840,1,718,20260119,5.28,11345069,256872,"QOLSYS, INC"
8888RTV,0,5773456,332,5249,1,PB-EXIT,2,357,20260119,66.85,11349212,8996,ADI
8888RTV,0,5282114,270,37449,2,472434,12,501,20260119,41.86,11322636,256963,ADEMCO INC
8888RTV,0,5752082,246,4876,1,WG-50905008,1,677,20260120,101.45,11353834,8996,ADI
8888RTV,0,5770345,74,4449,3,ADC-AC-X100,2,232,20260120,269,11348990,220865,ALARM.COM INC
8888RTV,0,5773456,138,5015,1,PC130T,1,677,20260120,9.46,11341817,8996,ADI
8888RTV,0,5773456,7,5465,1,ARN-410S-2TB,1,327,20260121,248.91,11356057,8996,ADI
8888RTV,0,5773456,176,5241,1,XRN-420S-2TB,1,630,20260121,293.72,11348994,8996,ADI
8888RTV,0,5770414,1,560,1,2GIG-AC1,1,573,20260119,9.75,11357457,32657,NICE NORTH AMERICA
8888RTV,0,5282114,253,37444,1,5816WMBR,25,503,20260122,9.97,11322571,256963,ADEMCO INC
8888RTV,0,5282114,258,37444,8,5820L,3,503,20260122,20.11,11322571,256963,ADEMCO INC
8888RTV,0,5615672,77,1136,1,SCW9057DMK,1,722,20260119,21.95,11335745,29905,TYCO SAFETY PRODUCTS CANADA LTD
8888RTV,0,5770410,27,951,1,GA09967-US,900,503,20260120,102.89,11313069,269855,GOOGLE LLC
8888RTV,0,5282114,476,37444,33,ADT7AIO-5,4175,503,20260122,186.95,11322571,256963,ADEMCO INC
8888RTV,0,5770415,46,677,1,QR0096-840,1,293,20260122,5.28,11347686,256872,"QOLSYS, INC"
8888RTV,0,5773456,279,5385,2,ANV-L7012R,8,612,20260122,57.64,11353711,8996,ADI
8888RTV,0,5773456,103,5556,8,SBP-125WMW1,11,573,20260122,29.25,11360225,8996,ADI
8888RTV,0,5282114,379,37449,22,LTEM-XA,6,501,20260119,95.17,11322636,256963,ADEMCO INC
8888RTV,0,5282114,452,37449,24,5800SMOKEV,146,501,20260119,36.26,11322636,256963,ADEMCO INC
8888RTV,0,5282114,483,37444,36,ADTCONVERT-2,82,503,20260122,41.2,11322571,256963,ADEMCO INC
8888RTV,0,5282114,455,37449,18,SIXSMOKEVA,576,501,20260119,36.26,11322636,256963,ADEMCO INC
8888RTV,0,5773456,139,5144,2,HDMICP10,1,827,20260116,15.37,11345133,8996,ADI
8888RTV,0,5770345,74,4443,3,ADC-AC-X100,1,688,20260119,269,11348853,220865,ALARM.COM INC
8888RTV,0,5770345,3,4447,1,ADC-AC-ET20,2,688,20260119,173.63,11348910,220865,ALARM.COM INC
8888RTV,0,5773456,279,5237,3,ANV-L7012R,36,819,20260116,57.64,11348939,8996,ADI
8888RTV,0,5770345,58,4358,2,ADC-VC847PF,8,501,20260119,144.26,11335547,220865,ALARM.COM INC
8888RTV,0,5773456,121,5214,2,SBV-140BW,16,357,20260119,21.02,11347873,8996,ADI
8888RTV,0,5770345,2,4476,1,ADC-AC-ET10,3,659,20260120,143.15,11353098,220865,ALARM.COM INC
8888RTV,0,5770345,10,4437,2,ADC-AC-X1100,1,357,20260120,330,11347722,220865,ALARM.COM INC
8888RTV,0,5770345,4,4376,1,ADC-AC-ET25,1,469,20260120,244.73,11338706,220865,ALARM.COM INC
8888RTV,0,5773456,279,5343,2,ANV-L7012R,3,830,20260121,57.64,11353099,8996,ADI
8888RTV,0,5773456,81,5360,1,XRN-820S-2TB,1,137,20260121,498.43,11353190,8996,ADI
8888RTV,0,5770342,12,1405,2,JVS-1V,1,573,20260121,422.45,11356204,8620,AIPHONE CORPORATION
8888RTV,0,5773408,2,21,1,RE030,2,603,20260121,4.5,11351736,243019,ALULA LLC
8888RTV,0,5773456,415,5383,1,XRN-1620SB1-8TB,1,675,20260122,947.82,11353696,8996,ADI
8888RTV,0,5770462,21,2916,1,710536EWTA,500,678,20260120,0.225166452,11355258,6332,PAIGE ELECTRIC CO LP
8888RTV,0,5773456,153,5144,1,TC-TR6,1,827,20260116,43.29,11345133,8996,ADI
8888RTV,0,5770345,19,4408,1,ADC-VDB750-TH,1,821,20260119,99,11342854,220865,ALARM.COM INC
8888RTV,0,5770426,33,1541,1,B-ACS300-E-B,1,826,20260119,495,11351286,191253,BRIVO SYSTEMS LLC
8888RTV,0,5770462,5,2913,2,494463,7500,831,20260120,0.09509375,11353699,6332,PAIGE ELECTRIC CO LP
8888RTV,0,5770462,2,2918,1,493494,10000,819,20260120,0.1300625,11355402,6332,PAIGE ELECTRIC CO LP
8888RTV,0,5773456,73,5363,1,DS-01-B,10,469,20260120,4.95,11353252,8996,ADI
8888RTV,0,5773456,196,4015,1,CB110,5,831,20260121,8.68,11304110,8996,ADI
8888RTV,0,5773456,418,5440,1,SBP-137WMW1,10,829,20260121,27.89,11355410,8996,ADI
8888RTV,0,5770345,10,4439,2,ADC-AC-X1100,1,836,20260121,330,11347811,220865,ALARM.COM INC
8888RTV,0,5773456,91,5233,2,ANO-L7012R,6,324,20260116,57.64,11348947,8996,ADI
8888RTV,0,5770342,69,1387,2,JPS-4AED,1,357,20260116,1361.7,11347722,8620,AIPHONE CORPORATION
8888RTV,0,5770409,35,347,1,86733,3840,501,20260119,4.31,11317340,195769,JASCO PRODUCTS COMPANY LLC
8888RTV,0,5773456,91,5403,2,ANO-L7012R,5,621,20260120,57.64,11354025,8996,ADI
8888RTV,0,5773456,43,5227,2,XRN-820S-4TB,2,675,20260120,572.87,11348943,8996,ADI
8888RTV,0,5770345,10,4438,2,ADC-AC-X1100,1,817,20260120,330,11347750,220865,ALARM.COM INC
8888RTV,0,5773456,224,5423,2,QNE-C9013RL,2,837,20260121,245.63,11355386,8996,ADI
8888RTV,0,5773456,332,5274,1,PB-EXIT,2,725,20260121,66.85,11349983,8996,ADI
8888RTV,0,5770342,57,1402,1,JO-1FD,1,829,20260121,300.9,11355870,8620,AIPHONE CORPORATION
8888RTV,0,5773456,153,5506,1,TC-TR6,1,812,20260122,43.29,11358167,8996,ADI
8888RTV,0,5773456,394,5221,4,ANO-L7022R,1,676,20260116,57.64,11348808,8996,ADI
8888RTV,0,5773456,332,5322,1,PB-EXIT,4,708,20260116,66.85,11351693,8996,ADI
8888RTV,0,5773456,43,5310,1,XRN-820S-4TB,1,812,20260119,572.87,11351331,8996,ADI
8888RTV,0,5282114,92,37449,11,SIXC2WA,83,501,20260119,43.26,11322636,256963,ADEMCO INC
8888RTV,0,5770426,12,1532,1,B-ACS6100R-E,1,692,20260116,1016.18,11349072,191253,BRIVO SYSTEMS LLC
8888RTV,0,5752082,230,4882,2,WG-50781108,5,267,20260122,109.74,11358256,8996,ADI
8888RTV,0,5752082,226,4868,1,WG-50781101,8,826,20260116,109.74,11351161,8996,ADI
8888RTV,0,5752082,33,4859,1,WG-21141101,10,695,20260121,101.2,11346962,8996,ADI
8888RTV,0,5282114,178,37449,4,270R,7,501,20260119,9.15,11322636,256963,ADEMCO INC
8888RTV,0,5773456,248,5220,2,SBP-137WM1,8,137,20260121,29.25,11348738,8996,ADI
8888RTV,0,5773456,224,5438,3,QNE-C9013RL,2,722,20260121,245.63,11355414,8996,ADI
8888RTV,0,5773456,162,4851,1,XRN-1620SB1-4TB,1,659,20260121,790.61,11335299,8996,ADI
8888RTV,0,5773456,279,5294,3,ANV-L7012R,8,850,20260121,57.64,11351071,8996,ADI
8888RTV,0,5773456,7,5328,1,ARN-410S-2TB,1,631,20260122,248.91,11351844,8996,ADI
8888RTV,0,5773456,426,5570,2,SBV-A14B,2,888,20260122,21.02,11360422,8996,ADI
8888RTV,0,5770462,26,2910,1,710636WH,6000,356,20260116,0.315894323,11353251,6332,PAIGE ELECTRIC CO LP
8888RTV,0,5773456,91,5164,2,ANO-L7012R,3,288,20260116,57.64,11346874,8996,ADI
8888RTV,0,5615672,54,1144,1,PG9929,1,821,20260119,31.92,11350275,29905,TYCO SAFETY PRODUCTS CANADA LTD
8888RTV,0,5773456,196,4898,1,CB110,2,342,20260119,8.68,11336505,8996,ADI
8888RTV,0,5770345,10,4443,2,ADC-AC-X1100,1,688,20260120,330,11348853,220865,ALARM.COM INC
8888RTV,0,5773456,153,5371,1,TC-TR6,2,718,20260120,43.29,11353470,8996,ADI
8888RTV,0,5773456,208,5040,1,CB140PT,6,185,20260120,11.83,11342096,8996,ADI
8888RTV,0,5773456,208,4294,1,CB140PT,5,827,20260120,11.83,11314196,8996,ADI
8888RTV,0,5773456,404,5220,3,ANV-L7082R,16,137,20260121,85.15,11348738,8996,ADI
8888RTV,0,5773456,81,5440,2,XRN-820S-2TB,2,829,20260121,498.43,11355410,8996,ADI
8888RTV,0,5773456,399,5408,2,DS-2CD2723G2-IZS,2,888,20260121,132.49,11355155,8996,ADI
8888RTV,0,5773456,426,5460,3,SBV-A14B,2,827,20260121,21.02,11355981,8996,ADI
8888RTV,0,5773456,432,5571,1,ARN-1610S-4TB,1,692,20260122,464.63,11360442,8996,ADI
8888RTV,0,5773456,91,5361,3,ANO-L7012R,4,777,20260122,57.64,11353187,8996,ADI
8888RTV,0,5773456,416,5441,4,ANE-L7012L,8,343,20260122,88.43,11355424,8996,ADI
8888RTV,0,5770415,46,668,1,QR0096-840,1,816,20260116,5.28,11340744,256872,"QOLSYS, INC"
8888RTV,0,5773456,91,5090,1,ANO-L7012R,50,690,20260116,57.64,11344171,8996,ADI
8888RTV,0,5770415,43,658,3,IQR-PG,129,501,20260119,155,11329260,256872,"QOLSYS, INC"
8888RTV,0,5770345,2,4428,1,ADC-AC-ET10,2,688,20260119,143.15,11346870,220865,ALARM.COM INC
8888RTV,0,5773456,418,5348,1,SBP-137WMW1,4,573,20260120,27.89,11353143,8996,ADI
8888RTV,0,5773456,69,5215,6,0E-22LED3,1,827,20260120,112.89,11347985,8996,ADI
8888RTV,0,5773456,224,5422,2,QNE-C9013RL,2,837,20260121,245.63,11355362,8996,ADI
8888RTV,0,5773456,196,5324,1,CB110,3,837,20260121,8.68,11351723,8996,ADI
8888RTV,0,5770345,2,4439,1,ADC-AC-ET10,4,836,20260121,143.15,11347811,220865,ALARM.COM INC
8888RTV,0,5773456,196,3836,1,CB110,8,288,20260122,8.68,11297709,8996,ADI
8888RTV,0,5770457,17,1360,1,20NKS-00-000000,2,686,20260122,185.09,11353425,7092,HID GLOBAL
8888RTV,0,5773456,196,3974,1,CB110,6,729,20260116,8.68,11302311,8996,ADI
8888RTV,0,5773456,91,5178,1,ANO-L7012R,1,646,20260116,57.64,11346872,8996,ADI
8888RTV,0,5773456,196,4937,1,CB110,13,238,20260116,8.68,11337829,8996,ADI
8888RTV,0,5770457,37,1349,1,20NKS-02-000000,4,692,20260119,162.65,11349072,7092,HID GLOBAL
8888RTV,0,5770342,103,1389,2,MCW-S/B,2,357,20260119,17.85,11349212,8620,AIPHONE CORPORATION
8888RTV,0,5752082,166,4867,1,WG-45061101,13,823,20260120,95.35,11350984,8996,ADI
8888RTV,0,5773456,392,5204,1,CB130T,7,816,20260120,8.68,11347533,8996,ADI
8888RTV,0,5770342,60,1400,1,JOS-1AW,1,678,20260120,560.15,11355450,8620,AIPHONE CORPORATION
8888RTV,0,5770462,13,2890,1,454652AWHA,1000,327,20260120,0.194196875,11347426,6332,PAIGE ELECTRIC CO LP
8888RTV,0,5773456,103,5215,5,SBP-125WMW1,2,827,20260120,29.25,11347985,8996,ADI
8888RTV,0,5773456,81,5215,1,XRN-820S-2TB,1,827,20260120,498.43,11347985,8996,ADI
8888RTV,0,5773456,91,5428,1,ANO-L7012R,8,748,20260121,57.64,11355411,8996,ADI
8888RTV,0,5773456,416,5232,1,ANE-L7012L,18,297,20260121,88.43,11348936,8996,ADI
8888RTV,0,5773456,196,4814,1,CB110,3,748,20260121,8.68,11332538,8996,ADI
8888RTV,0,5773456,7,5394,1,ARN-410S-2TB,4,842,20260121,248.91,11353880,8996,ADI
8888RTV,0,5770345,2,4477,1,ADC-AC-ET10,3,831,20260121,143.15,11353133,220865,ALARM.COM INC
8888RTV,0,5770345,19,4465,1,ADC-VDB750-TH,1,327,20260121,99,11351500,220865,ALARM.COM INC
8888RTV,0,5770345,73,4406,5,ADC-AC-X1100-2PSE,1,650,20260121,623.92,11342500,220865,ALARM.COM INC
8888RTV,0,5773456,176,5332,1,XRN-420S-2TB,1,815,20260121,293.72,11351941,8996,ADI
8888RTV,0,5282114,95,37444,17,SIXGBA,994,503,20260122,36.26,11322571,256963,ADEMCO INC
8888RTV,0,5773456,43,5570,1,XRN-820S-4TB,1,888,20260122,572.87,11360422,8996,ADI
8888RTV,0,5773456,157,5336,1,XRN-420S-4TB,1,697,20260116,405.38,11351979,8996,ADI
8888RTV,0,5770342,9,1387,1,RY-3DL,1,357,20260116,68,11347722,8620,AIPHONE CORPORATION
8888RTV,0,5773456,196,5041,1,CB110,7,377,20260119,8.68,11342110,8996,ADI
8888RTV,0,5615672,51,1137,1,PG9911B BATT,32,503,20260120,115.41,11336010,29905,TYCO SAFETY PRODUCTS CANADA LTD
8888RTV,0,5773456,418,5128,2,SBP-137WMW1,25,814,20260120,27.89,11344708,8996,ADI
8888RTV,0,5773456,176,5364,1,XRN-420S-2TB,1,826,20260120,293.72,11353311,8996,ADI
8888RTV,0,5773456,138,5135,1,PC130T,3,677,20260121,9.46,11344803,8996,ADI
8888RTV,0,5773456,279,5460,2,ANV-L7012R,4,827,20260121,57.64,11355981,8996,ADI
8888RTV,0,5773456,138,4754,1,PC130T,1,262,20260121,9.46,11330542,8996,ADI
8888RTV,0,5770345,75,4351,1,ADC-VACC-729-JB,4,817,20260119,12.5,11335465,220865,ALARM.COM INC
8888RTV,0,5770348,9,102,2,98935-002,5,501,20260116,83,11308959,198147,KWIKSET CORPORATION
8888RTV,0,5770348,8,102,1,98935-001,5,501,20260116,83,11308959,198147,KWIKSET CORPORATION
8888RTV,0,5282114,454,37444,31,SIXCOMBOVA,2692,503,20260122,89.51,11322571,256963,ADEMCO INC
8888RTV,0,5282114,102,37444,22,SIXTEMPA,3,503,20260122,23.79,11322571,256963,ADEMCO INC
8888RTV,0,5273154,1,15406,1,46095,2368,503,20260120,7.54,11348957,203219,UNIVERSAL POWER GROUP INC
8888RTV,0,5282114,149,37449,15,WLTP100,140,501,20260119,56.65,11322636,256963,ADEMCO INC
8888RTV,0,5773456,177,5374,1,ECR2450BP,1,683,20260122,2.06,11353542,8996,ADI
8888RTV,0,5282114,270,37444,2,472434,50,503,20260122,41.86,11322571,256963,ADEMCO INC
8888RTV,0,5773456,279,5288,1,ANV-L7012R,3,880,20260122,57.64,11351065,8996,ADI
8888RTV,0,5773456,416,5435,6,ANE-L7012L,40,842,20260122,88.43,11355423,8996,ADI
8888RTV,0,5282114,373,37449,20,SIXHEATVA,28,501,20260119,33.99,11322636,256963,ADEMCO INC
8888RTV,0,5282114,473,37444,34,5800COV,92,503,20260122,40.79,11322571,256963,ADEMCO INC
8888RTV,0,5773456,100,5335,1,EA200-12,1,469,20260116,95.8,11351984,8996,ADI
8888RTV,0,5773456,81,5276,1,XRN-820S-2TB,1,829,20260116,498.43,11350919,8996,ADI
8888RTV,0,5773456,426,5199,4,SBV-A14B,4,850,20260116,21.02,11347383,8996,ADI
8888RTV,0,5770462,5,2902,1,494463,30000,379,20260119,0.09509375,11349722,6332,PAIGE ELECTRIC CO LP
8888RTV,0,5770345,10,4373,2,ADC-AC-X1100,1,673,20260119,330,11338211,220865,ALARM.COM INC
8888RTV,0,5773456,162,5149,1,XRN-1620SB1-4TB,2,185,20260116,790.61,11346756,8996,ADI
8888RTV,0,5773456,196,4648,1,CB110,5,377,20260119,8.68,11327043,8996,ADI
8888RTV,0,5770345,61,4354,5,MYQ-821LMC-SMC,5,503,20260116,42.5,11335521,220865,ALARM.COM INC
8888RTV,0,5770345,59,4307,1,ADC-VDB770,32,501,20260119,120.69,11329233,220865,ALARM.COM INC
8888RTV,0,5770345,53,4358,5,ADC-VACC-MNT130,49,501,20260119,17.14,11335547,220865,ALARM.COM INC
8888RTV,0,5770342,12,1390,3,JVS-1V,1,831,20260119,422.45,11349578,8620,AIPHONE CORPORATION
8888RTV,0,5770342,12,1392,1,JVS-1V,1,829,20260119,422.45,11349610,8620,AIPHONE CORPORATION
8888RTV,0,5770342,9,1394,1,RY-3DL,1,725,20260119,68,11349963,8620,AIPHONE CORPORATION
8888RTV,0,5770345,10,4486,1,ADC-AC-X1100,4,379,20260120,330,11353874,220865,ALARM.COM INC
8888RTV,0,5773456,162,5405,1,XRN-1620SB1-4TB,1,697,20260120,790.61,11354103,8996,ADI
8888RTV,0,5773456,394,5470,2,ANO-L7022R,6,294,20260121,57.64,11356163,8996,ADI
8888RTV,0,5770345,15,4463,1,ADC-V724X,1,867,20260121,104.26,11351351,220865,ALARM.COM INC
8888RTV,0,5773456,393,5325,1,ARN-810S-2TB,2,777,20260122,277.95,11351754,8996,ADI
8888RTV,0,5770342,63,1399,1,JP-4HD,1,677,20260121,839.8,11353192,8620,AIPHONE CORPORATION
8888RTV,0,5773456,224,5261,2,QNE-C9013RL,14,379,20260120,245.63,11349687,8996,ADI
8888RTV,0,5770457,21,1344,1,3250PNNMN,100,867,20260121,4.08,11344764,7092,HID GLOBAL
8888RTV,0,5770426,5,1543,1,B-ACS6000-MBE,1,673,20260120,957.78,11353062,191253,BRIVO SYSTEMS LLC
8888RTV,0,5773456,117,3779,1,CBM,1,946,20260116,11.83,11295429,8996,ADI
8888RTV,0,5770457,17,1337,2,20NKS-00-000000,4,650,20260116,185.09,11342715,7092,HID GLOBAL
8888RTV,0,5773456,138,4681,1,PC130T,3,603,20260116,9.46,11328779,8996,ADI
8888RTV,0,5770426,33,1544,1,B-ACS300-E-B,7,831,20260119,495,11353100,191253,BRIVO SYSTEMS LLC
8888RTV,0,5773456,91,5310,3,ANO-L7012R,4,812,20260119,57.64,11351331,8996,ADI
8888RTV,0,5773456,17,5186,3,QNE-C8013RL,5,823,20260119,216.16,11347048,8996,ADI
8888RTV,0,5773456,362,5395,1,WM110,13,697,20260120,6.31,11353878,8996,ADI
8888RTV,0,5773456,176,5422,1,XRN-420S-2TB,1,837,20260121,293.72,11355362,8996,ADI
8888RTV,0,5770462,1,2899,2,487343,35000,688,20260121,0.082628571,11349417,6332,PAIGE ELECTRIC CO LP
8888RTV,0,5770345,53,4402,4,ADC-VACC-MNT130,25,501,20260122,17.14,11342197,220865,ALARM.COM INC
8888RTV,0,5773456,176,5593,2,XRN-420S-2TB,4,685,20260122,293.72,11360998,8996,ADI
8888RTV,0,5770342,103,1386,2,MCW-S/B,1,237,20260116,17.85,11346979,8620,AIPHONE CORPORATION
8888RTV,0,5770345,57,4358,3,ADC-VC838PF,51,501,20260116,170.24,11335547,220865,ALARM.COM INC
8888RTV,0,5773456,157,5217,1,XRN-420S-4TB,1,646,20260116,405.38,11348720,8996,ADI
8888RTV,0,5773456,224,5110,3,QNE-C9013RL,17,823,20260119,245.63,11344398,8996,ADI
8888RTV,0,5770415,43,675,2,IQR-PG,130,501,20260120,155,11347000,256872,"QOLSYS, INC"
8888RTV,0,5770462,2,2913,1,493494,7500,831,20260120,0.1300625,11353699,6332,PAIGE ELECTRIC CO LP
8888RTV,0,5770345,10,4452,1,ADC-AC-X1100,1,814,20260120,330,11349792,220865,ALARM.COM INC
8888RTV,0,5773456,162,5271,1,XRN-1620SB1-4TB,2,603,20260120,790.61,11349808,8996,ADI
8888RTV,0,5773456,43,5362,1,XRN-820S-4TB,1,830,20260121,572.87,11353184,8996,ADI
8888RTV,0,5773456,17,5431,2,QNE-C8013RL,3,686,20260121,216.16,11355412,8996,ADI
8888RTV,0,5773456,361,5502,1,SSX-52SB,2,327,20260121,98.96,11358128,8996,ADI
8888RTV,0,5773456,279,5459,3,ANV-L7012R,7,827,20260121,57.64,11355934,8996,ADI
8888RTV,0,5773456,196,5127,1,CB110,10,676,20260122,8.68,11344704,8996,ADI
8888RTV,0,5773456,426,5361,2,SBV-A14B,14,777,20260122,21.02,11353187,8996,ADI
8888RTV,0,5773456,91,5237,4,ANO-L7012R,4,819,20260116,57.64,11348939,8996,ADI
8888RTV,0,5773456,91,5259,2,ANO-L7012R,4,659,20260116,57.64,11349615,8996,ADI
8888RTV,0,5282114,91,37444,23,SIXCTA-BR,184,503,20260122,9.97,11322571,256963,ADEMCO INC
8888RTV,0,5282114,90,37444,16,SIXCTA,13456,503,20260122,9.97,11322571,256963,ADEMCO INC
8888RTV,0,5282114,93,37444,21,SIXFLOODA,272,503,20260122,40.79,11322571,256963,ADEMCO INC
8888RTV,0,5770457,37,1345,1,20NKS-02-000000,1,688,20260116,162.65,11346750,7092,HID GLOBAL
8888RTV,0,5752082,226,4860,1,WG-50781101,15,266,20260122,109.74,11346980,8996,ADI
8888RTV,0,5773456,51,5241,2,HRX-1634-4TB,1,630,20260121,576.03,11348994,8996,ADI
8888RTV,0,5773456,47,5314,1,AB110,12,782,20260121,4.73,11351408,8996,ADI
8888RTV,0,5752082,242,4874,1,WG-50881108,5,356,20260120,188.12,11353359,8996,ADI
8888RTV,0,5773456,162,5227,1,XRN-1620SB1-4TB,1,675,20260120,790.61,11348943,8996,ADI
8888RTV,0,5773456,196,3842,1,CB110,7,834,20260120,8.68,11297705,8996,ADI
8888RTV,0,5770426,33,1526,1,B-ACS300-E-B,1,327,20260120,495,11347426,191253,BRIVO SYSTEMS LLC
8888RTV,0,5773456,168,5344,1,TS-18,5,782,20260121,28.55,11353102,8996,ADI
8888RTV,0,5773456,426,5433,1,SBV-A14B,1,726,20260121,21.02,11355420,8996,ADI
8888RTV,0,5773456,279,5440,3,ANV-L7012R,18,829,20260121,57.64,11355410,8996,ADI
8888RTV,0,5773456,224,5475,2,QNE-C9013RL,4,693,20260121,245.63,11356197,8996,ADI
8888RTV,0,5770345,10,4423,1,ADC-AC-X1100,1,837,20260116,330,11344706,220865,ALARM.COM INC
8888RTV,0,5773456,70,4742,1,DS-2CE79D3T-IT3ZF,1,469,20260116,71.83,11330544,8996,ADI
8888RTV,0,5770457,37,1352,2,20NKS-02-000000,4,831,20260119,162.65,11349569,7092,HID GLOBAL
8888RTV,0,5773456,196,4587,1,CB110,11,823,20260120,8.68,11323845,8996,ADI
8888RTV,0,5773456,426,5190,1,SBV-A14B,14,777,20260120,21.02,11347162,8996,ADI
8888RTV,0,5773456,91,5364,2,ANO-L7012R,3,826,20260120,57.64,11353311,8996,ADI
8888RTV,0,5770345,4,4438,1,ADC-AC-ET25,2,817,20260120,244.73,11347750,220865,ALARM.COM INC
8888RTV,0,5752082,226,4872,1,WG-50781101,5,646,20260121,109.74,11353149,8996,ADI
8888RTV,0,5770462,2,2937,1,493494,20000,748,20260122,0.1300625,11360375,6332,PAIGE ELECTRIC CO LP
8888RTV,0,5773456,390,5410,1,0E-OUTDSIRSB,1,688,20260122,67.51,11355256,8996,ADI
8888RTV,0,5770462,2,2933,1,493494,5000,826,20260122,0.1300625,11360045,6332,PAIGE ELECTRIC CO LP
8888RTV,0,5773456,117,4750,1,CBM,2,816,20260116,11.83,11330532,8996,ADI
8888RTV,0,5282114,479,37379,54,SIXMINICT3A,18360,503,20260120,13.88,11275450,256963,ADEMCO INC
8888RTV,0,5272817,165,23842,1,AHVR1628T,1,708,20260120,442.89,11355961,101933,MATRIX NETWORK INC
8888RTV,0,5773456,392,4690,1,CB130T,1,294,20260120,8.68,11328908,8996,ADI
8888RTV,0,5770462,13,2924,1,454652AWHA,2000,693,20260121,0.194196875,11356175,6332,PAIGE ELECTRIC CO LP
8888RTV,0,5770462,2,2925,1,493494,1500,588,20260121,0.1300625,11358144,6332,PAIGE ELECTRIC CO LP
8888RTV,0,5773456,426,5450,1,SBV-A14B,5,294,20260121,21.02,11355654,8996,ADI
8888RTV,0,5773456,224,5383,4,QNE-C9013RL,9,675,20260122,245.63,11353696,8996,ADI
8888RTV,0,5773456,426,5554,2,SBV-A14B,8,675,20260122,21.02,11360220,8996,ADI
8888RTV,0,5773456,208,5293,2,CB140PT,3,816,20260122,11.83,11351066,8996,ADI
8888RTV,0,5773456,393,5414,1,ARN-810S-2TB,1,343,20260122,277.95,11355308,8996,ADI
8888RTV,0,5770345,54,4354,6,ADC-VC727P,60,503,20260116,131.49,11335521,220865,ALARM.COM INC
8888RTV,0,5773456,81,5257,1,XRN-820S-2TB,1,275,20260116,498.43,11349568,8996,ADI
8888RTV,0,5773456,279,5221,2,ANV-L7012R,2,676,20260116,57.64,11348808,8996,ADI
8888RTV,0,5770345,2,4444,1,ADC-AC-ET10,2,688,20260119,143.15,11348868,220865,ALARM.COM INC
8888RTV,0,5773456,121,5175,3,SBV-140BW,8,357,20260119,21.02,11346875,8996,ADI
8888RTV,0,5770345,4,4467,1,ADC-AC-ET25,1,708,20260119,244.73,11351693,220865,ALARM.COM INC
8888RTV,0,5770345,57,4402,2,ADC-VC838PF,15,501,20260120,170.24,11342197,220865,ALARM.COM INC
8888RTV,0,5773456,426,5227,4,SBV-A14B,11,675,20260120,21.02,11348943,8996,ADI
8888RTV,0,5770410,11,950,1,GA02076-US,720,503,20260120,102.9,11313068,269855,GOOGLE LLC
8888RTV,0,5773456,415,5382,1,XRN-1620SB1-8TB,1,696,20260121,947.82,11353680,8996,ADI
8888RTV,0,5773456,339,5195,2,DS-2CD2387G2-LU,10,842,20260121,185.07,11347286,8996,ADI
8888RTV,0,5773456,404,5331,2,ANV-L7082R,4,850,20260121,85.15,11351943,8996,ADI
8888RTV,0,5770457,22,1353,1,3350PMSMV,100,685,20260122,2.1,11349688,7092,HID GLOBAL
8888RTV,0,5773456,394,5516,3,ANO-L7022R,2,782,20260122,57.64,11358192,8996,ADI
8888RTV,0,5770345,6,4296,1,ADC-AC-LP1502-PSE,2,266,20260122,901,11328853,220865,ALARM.COM INC
8888RTV,0,5773456,393,5548,1,ARN-810S-2TB,3,752,20260122,277.95,11360216,8996,ADI
8888RTV,0,5773456,73,5335,2,DS-01-B,30,469,20260116,4.95,11351984,8996,ADI
8888RTV,0,5773456,138,5013,1,PC130T,2,573,20260116,9.46,11341812,8996,ADI
8888RTV,0,5773456,176,5177,1,XRN-420S-2TB,2,348,20260116,293.72,11346877,8996,ADI
8888RTV,0,5770345,15,4479,1,ADC-V724X,1,327,20260120,104.26,11353324,220865,ALARM.COM INC
8888RTV,0,5773456,81,5403,1,XRN-820S-2TB,1,621,20260120,498.43,11354025,8996,ADI
8888RTV,0,5752082,226,4873,1,WG-50781101,4,356,20260120,109.74,11353251,8996,ADI
8888RTV,0,5773456,81,5348,2,XRN-820S-2TB,1,573,20260120,498.43,11353143,8996,ADI
8888RTV,0,5770342,106,1401,1,RY-1824L,1,262,20260121,21.25,11355727,8620,AIPHONE CORPORATION
8888RTV,0,5773456,121,5446,1,SBV-140BW,2,818,20260121,21.02,11355497,8996,ADI
8888RTV,0,5773456,426,5516,2,SBV-A14B,2,782,20260121,21.02,11358192,8996,ADI
8888RTV,0,5770345,74,4439,3,ADC-AC-X100,1,836,20260121,269,11347811,220865,ALARM.COM INC
8888RTV,0,5773456,349,5305,1,HS2LCD N,2,821,20260121,118.26,11351255,8996,ADI
8888RTV,0,5773456,81,5460,1,XRN-820S-2TB,1,827,20260121,498.43,11355981,8996,ADI
8888RTV,0,5773456,91,5508,3,ANO-L7012R,5,837,20260122,57.64,11358184,8996,ADI
8888RTV,0,5770345,75,4393,1,ADC-VACC-729-JB,2,469,20260120,12.5,11340823,220865,ALARM.COM INC
8888RTV,0,5272817,56,23834,1,HDT228,1,237,20260122,36.95,11353293,101933,MATRIX NETWORK INC
8888RTV,0,5282114,238,37449,6,5800PIR-RES,122,501,20260119,24.36,11322636,256963,ADEMCO INC
8888RTV,0,5282114,476,37445,1,ADT7AIO-5,2240,503,20260122,186.95,11322574,256963,ADEMCO INC
8888RTV,0,5770410,24,960,1,GA09963-US,240,501,20260122,83.3,11322470,269855,GOOGLE LLC
8888RTV,0,5773456,379,5412,1,4704-A,6,678,20260122,23.8,11355259,8996,ADI
8888RTV,0,5773456,369,5182,1,GS108LP-100NAS,4,837,20260116,106.99,11346960,8996,ADI
8888RTV,0,5282114,210,37444,12,472540D,35,503,20260122,64.73,11322571,256963,ADEMCO INC
8888RTV,0,5773456,176,5569,1,XRN-420S-2TB,1,826,20260122,293.72,11360381,8996,ADI
8888RTV,0,5282114,416,37444,29,ADTLTE-A3,2304,503,20260122,56.65,11322571,256963,ADEMCO INC
8888RTV,0,5770345,78,4418,1,ADC-VDB755P,1,940,20260120,123.69,11344378,220865,ALARM.COM INC
8888RTV,0,5282114,387,37444,27,SIXFOB2A,640,503,20260122,12.46,11322571,256963,ADEMCO INC
8888RTV,0,5615672,4,1140,6,PG9HRDW8,36,501,20260122,105.3,11342210,29905,TYCO SAFETY PRODUCTS CANADA LTD
8888RTV,0,5770462,1,2901,1,487343,1500,685,20260116,0.082628571,11349688,6332,PAIGE ELECTRIC CO LP
8888RTV,0,5773456,43,5068,1,XRN-820S-4TB,1,342,20260116,572.87,11343055,8996,ADI
8888RTV,0,5770345,2,4389,1,ADC-AC-ET10,1,696,20260116,143.15,11340480,220865,ALARM.COM INC
8888RTV,0,5773456,416,5219,3,ANE-L7012L,8,940,20260116,88.43,11348739,8996,ADI
8888RTV,0,5770342,12,1396,3,JVS-1V,1,826,20260116,422.45,11351246,8620,AIPHONE CORPORATION
8888RTV,0,5770342,103,1394,4,MCW-S/B,1,725,20260119,17.85,11349963,8620,AIPHONE CORPORATION
8888RTV,0,5773456,335,5269,1,PROXTG-BK,1,829,20260119,4.26,11349751,8996,ADI
8888RTV,0,5770462,13,2893,2,454652AWHA,1000,646,20260119,0.194196875,11348731,6332,PAIGE ELECTRIC CO LP
8888RTV,0,5770345,15,4478,1,ADC-V724X,12,603,20260120,104.26,11353224,220865,ALARM.COM INC
8888RTV,0,5773456,394,5252,2,ANO-L7022R,4,831,20260121,57.64,11349489,8996,ADI
8888RTV,0,5773456,91,5433,2,ANO-L7012R,9,726,20260121,57.64,11355420,8996,ADI
8888RTV,0,5773456,103,5377,2,SBP-125WMW1,4,823,20260121,29.25,11353602,8996,ADI
8888RTV,0,5773456,81,5287,3,XRN-820S-2TB,1,827,20260121,498.43,11351074,8996,ADI
8888RTV,0,5773456,415,5579,1,XRN-1620SB1-8TB,1,686,20260122,947.82,11360724,8996,ADI
8888RTV,0,5773456,43,5275,1,XRN-820S-4TB,1,827,20260122,572.87,11350193,8996,ADI
8888RTV,0,5773456,117,5451,1,CBM,4,838,20260122,11.83,11355697,8996,ADI
8888RTV,0,5773456,224,5529,2,QNE-C9013RL,4,826,20260121,245.63,11358801,8996,ADI
8888RTV,0,5770457,36,1350,2,20KTKS-02-000000,2,830,20260120,291.65,11349164,7092,HID GLOBAL
8888RTV,0,5770345,59,4303,1,ADC-VDB770,20,503,20260116,120.69,11329167,220865,ALARM.COM INC
8888RTV,0,5773456,91,5244,1,ANO-L7012R,4,940,20260116,57.64,11349090,8996,ADI
8888RTV,0,5773456,311,5315,2,QNV-C9011R,4,829,20260116,212.55,11351425,8996,ADI
8888RTV,0,5770426,5,1545,1,B-ACS6000-MBE,1,884,20260119,957.78,11353366,191253,BRIVO SYSTEMS LLC
8888RTV,0,5770462,21,2909,1,710536EWTA,1000,677,20260119,0.225166452,11353097,6332,PAIGE ELECTRIC CO LP
8888RTV,0,5770462,23,2878,3,710548EWTA,2000,194,20260119,0.139926786,11344943,6332,PAIGE ELECTRIC CO LP
8888RTV,0,5770462,2,2906,1,493494,3000,327,20260120,0.1300625,11351632,6332,PAIGE ELECTRIC CO LP
8888RTV,0,5770409,35,351,1,86733,1920,501,20260122,4.31,11317339,195769,JASCO PRODUCTS COMPANY LLC
8888RTV,0,5773456,91,5477,1,ANO-L7012R,1,623,20260122,57.64,11356220,8996,ADI
8888RTV,0,5773456,254,5385,1,SBV-120GW,8,612,20260122,10.78,11353711,8996,ADI
8888RTV,0,5770415,43,606,6,IQR-PG,104,503,20260122,155,11280130,256872,"QOLSYS, INC"
8888RTV,0,5773456,426,5029,3,SBV-A14B,5,612,20260116,21.02,11341937,8996,ADI
8888RTV,0,5773456,81,5231,1,XRN-820S-2TB,3,573,20260116,498.43,11348948,8996,ADI
8888RTV,0,5770342,106,1386,1,RY-1824L,1,237,20260116,21.25,11346979,8620,AIPHONE CORPORATION
8888RTV,0,5773408,2,20,1,RE030,2,832,20260116,4.5,11342570,243019,ALULA LLC
8888RTV,0,5773456,91,5235,1,ANO-L7012R,1,632,20260116,57.64,11348945,8996,ADI
8888RTV,0,5770345,10,4447,2,ADC-AC-X1100,1,688,20260119,330,11348910,220865,ALARM.COM INC
8888RTV,0,5773456,7,5160,1,ARN-410S-2TB,2,777,20260120,248.91,11346827,8996,ADI
8888RTV,0,5770342,69,1403,2,JPS-4AED,1,831,20260121,1361.7,11355957,8620,AIPHONE CORPORATION
8888RTV,0,5773456,91,5355,1,ANO-L7012R,10,691,20260121,57.64,11353186,8996,ADI
8888RTV,0,5770345,4,4475,1,ADC-AC-ET25,1,782,20260121,244.73,11353039,220865,ALARM.COM INC
8888RTV,0,5773456,81,5470,1,XRN-820S-2TB,1,294,20260121,498.43,11356163,8996,ADI
8888RTV,0,5770345,10,4477,2,ADC-AC-X1100,1,831,20260121,330,11353133,220865,ALARM.COM INC
8888RTV,0,5770342,69,1399,3,JPS-4AED,1,677,20260121,1361.7,11353192,8620,AIPHONE CORPORATION
8888RTV,0,5773456,279,5400,1,ANV-L7012R,1,197,20260122,57.64,11353987,8996,ADI
8888RTV,0,5773456,279,5436,1,ANV-L7012R,3,838,20260122,57.64,11355413,8996,ADI
8888RTV,0,5770462,23,2914,1,710548EWTA,12000,834,20260122,0.139926786,11353809,6332,PAIGE ELECTRIC CO LP
8888RTV,0,5770342,12,1393,1,JVS-1V,1,275,20260116,422.45,11349716,8620,AIPHONE CORPORATION
8888RTV,0,5770345,57,4354,2,ADC-VC838PF,136,503,20260116,170.24,11335521,220865,ALARM.COM INC
8888RTV,0,5770342,12,1395,2,JVS-1V,1,459,20260119,422.45,11350916,8620,AIPHONE CORPORATION
8888RTV,0,5770457,37,1358,2,20NKS-02-000000,3,830,20260121,162.65,11353115,7092,HID GLOBAL
8888RTV,0,5752082,166,4870,1,WG-45061101,12,892,20260121,95.35,11351726,8996,ADI
8888RTV,0,5773456,249,5356,1,TREX-XL2,2,612,20260121,102.21,11353189,8996,ADI
8888RTV,0,5272817,160,23828,1,ANVR04P22T,2,603,20260120,244.46,11346842,101933,MATRIX NETWORK INC
8888RTV,0,5770345,10,4454,1,ADC-AC-X1100,1,725,20260120,330,11349983,220865,ALARM.COM INC
8888RTV,0,5770462,23,2873,1,710548EWTA,10000,831,20260120,0.139926786,11344495,6332,PAIGE ELECTRIC CO LP
8888RTV,0,5770345,10,4474,2,ADC-AC-X1100,1,686,20260120,330,11353030,220865,ALARM.COM INC
8888RTV,0,5773456,167,5321,2,HDMICP25,1,343,20260120,43.14,11351650,8996,ADI
8888RTV,0,5773456,279,5348,3,ANV-L7012R,5,573,20260120,57.64,11353143,8996,ADI
8888RTV,0,5773456,157,5343,1,XRN-420S-4TB,1,830,20260121,405.38,11353099,8996,ADI
8888RTV,0,5770342,9,1403,1,RY-3DL,1,831,20260121,68,11355957,8620,AIPHONE CORPORATION
8888RTV,0,5773456,224,5287,6,QNE-C9013RL,10,827,20260121,245.63,11351074,8996,ADI
8888RTV,0,5770462,2,2939,1,493494,2000,628,20260122,0.1300625,11360729,6332,PAIGE ELECTRIC CO LP
8888RTV,0,5773456,91,5425,2,ANO-L7012R,6,812,20260122,57.64,11355389,8996,ADI
8888RTV,0,5770462,21,2928,1,710536EWTA,5000,820,20260122,0.225166452,11358486,6332,PAIGE ELECTRIC CO LP
8888RTV,0,5773456,348,5062,1,FP280,1,816,20260116,11.58,11342842,8996,ADI
8888RTV,0,5773456,416,5200,3,ANE-L7012L,7,650,20260116,88.43,11347395,8996,ADI
8888RTV,0,5773456,426,5012,1,SBV-A14B,5,708,20260116,21.02,11341811,8996,ADI
8888RTV,0,5773456,394,5311,1,ANO-L7022R,3,829,20260116,57.64,11351359,8996,ADI
8888RTV,0,5770462,21,2900,1,710536EWTA,2000,677,20260116,0.225166452,11349498,6332,PAIGE ELECTRIC CO LP
8888RTV,0,5773456,91,5182,3,ANO-L7012R,1,837,20260116,57.64,11346960,8996,ADI
8888RTV,0,5770345,2,4444,1,ADC-AC-ET10,2,688,20260120,143.15,11348868,220865,ALARM.COM INC
8888RTV,0,5773456,415,5490,1,XRN-1620SB1-8TB,1,686,20260121,947.82,11358075,8996,ADI
8888RTV,0,5770345,4,4390,1,ADC-AC-ET25,1,693,20260121,244.73,11340690,220865,ALARM.COM INC
8888RTV,0,5773456,393,5360,2,ARN-810S-2TB,3,137,20260121,277.95,11353190,8996,ADI
8888RTV,0,5773456,138,5187,1,PC130T,2,686,20260122,9.46,11347079,8996,ADI
8888RTV,0,5282114,92,37444,15,SIXC2WA,144,503,20260122,43.26,11322571,256963,ADEMCO INC
8888RTV,0,5773456,426,5556,6,SBV-A14B,3,573,20260122,21.02,11360225,8996,ADI
8888RTV,0,5773456,196,4355,1,CB110,15,676,20260122,8.68,11317227,8996,ADI
8888RTV,0,5770426,33,1467,1,B-ACS300-E-B,1,828,20260122,480.11,11321924,191253,BRIVO SYSTEMS LLC
8888RTV,0,5773456,162,5205,1,XRN-1620SB1-4TB,1,621,20260116,790.61,11347658,8996,ADI
8888RTV,0,5773456,426,5278,1,SBV-A14B,2,888,20260116,21.02,11350922,8996,ADI
8888RTV,0,5770345,53,4354,4,ADC-VACC-MNT130,40,503,20260116,17.14,11335521,220865,ALARM.COM INC
8888RTV,0,5773456,279,5199,3,ANV-L7012R,5,850,20260116,57.64,11347383,8996,ADI
8888RTV,0,5770457,37,1348,1,20NKS-02-000000,2,723,20260119,162.65,11348978,7092,HID GLOBAL
8888RTV,0,5773456,335,5268,1,PROXTG-BK,1,816,20260119,4.26,11349746,8996,ADI
8888RTV,0,5770457,22,1339,1,3350PMSMV,100,469,20260119,2.1,11342927,7092,HID GLOBAL
8888RTV,0,5770347,1,361,1,EN-BR304P-0,1,837,20260120,434.25,11351577,242767,EAGLE EYE NETWORKS INC
8888RTV,0,5770426,33,1551,1,B-ACS300-E-B,1,678,20260120,495,11355434,191253,BRIVO SYSTEMS LLC
8888RTV,0,5773456,196,4034,1,CB110,1,725,20260121,8.68,11304640,8996,ADI
8888RTV,0,5773456,91,5536,1,ANO-L7012R,6,327,20260121,57.64,11358998,8996,ADI
8888RTV,0,5773456,279,5415,2,ANV-L7012R,5,669,20260121,57.64,11355317,8996,ADI
8888RTV,0,5773456,176,5458,1,XRN-420S-2TB,1,831,20260121,293.72,11355932,8996,ADI
8888RTV,0,5773456,176,5441,1,XRN-420S-2TB,2,343,20260122,293.72,11355424,8996,ADI
8888RTV,0,5773456,393,5507,4,ARN-810S-2TB,2,688,20260122,277.95,11358188,8996,ADI
8888RTV,0,5752082,35,4882,4,WG-21145501,1,267,20260122,50.58,11358256,8996,ADI
8888RTV,0,5773456,91,5288,2,ANO-L7012R,8,880,20260122,57.64,11351065,8996,ADI
8888RTV,0,5773456,394,5430,2,ANO-L7022R,4,290,20260122,57.64,11355421,8996,ADI
8888RTV,0,5773456,426,4856,1,SBV-A14B,6,821,20260116,21.02,11335319,8996,ADI
8888RTV,0,5770415,43,665,2,IQR-PG,45,501,20260119,155,11336012,256872,"QOLSYS, INC"
8888RTV,0,5773456,91,5349,3,ANO-L7012R,4,573,20260120,57.64,11353146,8996,ADI
8888RTV,0,5773456,91,5357,1,ANO-L7012R,12,588,20260121,57.64,11353191,8996,ADI
8888RTV,0,5773456,182,5378,1,5800PIR-OD2,4,842,20260121,276.03,11353620,8996,ADI
8888RTV,0,5773456,279,5380,2,ANV-L7012R,13,823,20260121,57.64,11353656,8996,ADI
8888RTV,0,5773456,91,5407,2,ANO-L7012R,4,821,20260121,57.64,11354422,8996,ADI
8888RTV,0,5773456,361,5406,2,SSX-52SB,1,815,20260121,92.39,11354187,8996,ADI
8888RTV,0,5773456,176,5368,1,XRN-420S-2TB,1,379,20260122,293.72,11353412,8996,ADI
8888RTV,0,5773456,81,5425,1,XRN-820S-2TB,1,812,20260122,498.43,11355389,8996,ADI
8888RTV,0,5773456,206,5565,1,TPE-S44,1,819,20260122,40.76,11360317,8996,ADI
8888RTV,0,5770345,70,4354,7,ADC-VC729P,28,503,20260116,189,11335521,220865,ALARM.COM INC
8888RTV,0,5773456,176,5231,2,XRN-420S-2TB,4,573,20260116,293.72,11348948,8996,ADI
8888RTV,0,5282114,91,37449,17,SIXCTA-BR,98,501,20260119,9.97,11322636,256963,ADEMCO INC
8888RTV,0,5773456,176,5239,1,XRN-420S-2TB,3,681,20260120,293.72,11348942,8996,ADI
8888RTV,0,5770426,33,1549,1,B-ACS300-E-B,1,835,20260120,495,11353496,191253,BRIVO SYSTEMS LLC
8888RTV,0,5770345,74,4477,3,ADC-AC-X100,1,831,20260121,269,11353133,220865,ALARM.COM INC
8888RTV,0,5773456,153,5287,1,TC-TR6,2,827,20260121,43.29,11351074,8996,ADI
8888RTV,0,5770345,75,4464,1,ADC-VACC-729-JB,3,782,20260121,12.5,11351395,220865,ALARM.COM INC
8888RTV,0,5770348,8,104,1,98935-001,10,501,20260120,83,11322576,198147,KWIKSET CORPORATION
8888RTV,0,5770414,1,559,1,2GIG-AC1,1,573,20260119,9.75,11350147,32657,NICE NORTH AMERICA
8888RTV,0,5770410,25,948,3,GA10919-US,2592,501,20260120,83.3,11304329,269855,GOOGLE LLC
8888RTV,0,5282114,100,37444,18,SIXSIRENA,49,503,20260122,45.32,11322571,256963,ADEMCO INC
8888RTV,0,5282114,163,37444,3,FG1625ADT,7,503,20260122,24.02,11322571,256963,ADEMCO INC
8888RTV,0,5773456,378,5064,2,0E-CAT5RBK,6,827,20260116,109.99,11342881,8996,ADI
8888RTV,0,5282114,334,37449,3,958,46,501,20260119,14.68,11322636,256963,ADEMCO INC
8888RTV,0,5773456,393,5492,2,ARN-810S-2TB,1,867,20260122,277.95,11358088,8996,ADI
8888RTV,0,5773456,69,5454,1,0E-22LED3,3,267,20260122,112.89,11355845,8996,ADI
8888RTV,0,5773456,7,5435,4,ARN-410S-2TB,3,842,20260122,248.91,11355423,8996,ADI
8888RTV,0,5282114,373,37444,28,SIXHEATVA,66,503,20260122,33.99,11322571,256963,ADEMCO INC
8888RTV,0,5773145,399,714,1,SBV-A14B,4,888,20260120,21.02,11149126,8996,ADI
8888RTV,0,5773456,393,5270,1,ARN-810S-2TB,1,327,20260116,277.95,11349802,8996,ADI
8888RTV,0,5773456,418,5199,1,SBP-137WMW1,1,850,20260116,27.89,11347383,8996,ADI
8888RTV,0,5773456,196,4828,1,CB110,8,675,20260120,8.68,11333177,8996,ADI
8888RTV,0,5770345,3,4450,2,ADC-AC-ET20,1,232,20260120,173.63,11349034,220865,ALARM.COM INC
8888RTV,0,5773456,117,5339,1,CBM,4,838,20260120,11.83,11353029,8996,ADI
8888RTV,0,5770345,4,4441,1,ADC-AC-ET25,1,646,20260121,244.73,11348731,220865,ALARM.COM INC
8888RTV,0,5770342,103,1388,1,MCW-S/B,1,829,20260121,17.85,11348933,8620,AIPHONE CORPORATION
8888RTV,0,5773456,91,5460,4,ANO-L7012R,4,827,20260121,57.64,11355981,8996,ADI
8888RTV,0,5773456,196,5181,1,CB110,4,820,20260122,8.68,11346946,8996,ADI
8888RTV,0,5773456,177,5290,1,ECR2450BP,19,379,20260120,2.06,11351072,8996,ADI
8888RTV,0,5770457,14,1346,1,20KTKS-00-000000,2,327,20260120,314.08,11347426,7092,HID GLOBAL
8888RTV,0,5770426,7,1566,2,B-ACS6100-DB,1,826,20260122,222.38,11360034,191253,BRIVO SYSTEMS LLC
8888RTV,0,5773456,196,5147,1,CB110,4,678,20260122,8.68,11346746,8996,ADI
8888RTV,0,5773456,91,5185,3,ANO-L7012R,32,940,20260116,57.64,11347005,8996,ADI
8888RTV,0,5770342,106,1396,1,RY-1824L,1,826,20260116,21.25,11351246,8620,AIPHONE CORPORATION
8888RTV,0,5770457,36,1359,1,20KTKS-02-000000,1,459,20260119,291.65,11353171,7092,HID GLOBAL
8888RTV,0,5770342,69,1385,2,JPS-4AED,1,708,20260119,1361.7,11344971,8620,AIPHONE CORPORATION
8888RTV,0,5773456,196,5066,1,CB110,10,342,20260119,8.68,11342992,8996,ADI
8888RTV,0,5773456,426,5228,1,SBV-A14B,2,238,20260119,21.02,11348940,8996,ADI
8888RTV,0,5770462,21,2876,1,710536EWTA,10000,814,20260119,0.225166452,11344708,6332,PAIGE ELECTRIC CO LP
8888RTV,0,5770462,2,2904,1,493494,5000,826,20260119,0.1300625,11351161,6332,PAIGE ELECTRIC CO LP
8888RTV,0,5770345,10,4441,2,ADC-AC-X1100,1,646,20260120,330,11348731,220865,ALARM.COM INC
8888RTV,0,5773456,415,4763,1,XRN-1620SB1-8TB,1,677,20260120,947.82,11330688,8996,ADI
8888RTV,0,5773456,426,5287,4,SBV-A14B,5,827,20260120,21.02,11351074,8996,ADI
8888RTV,0,5773456,392,5038,2,CB130T,6,185,20260120,8.68,11342074,8996,ADI
8888RTV,0,5773456,162,5373,1,XRN-1620SB1-4TB,1,356,20260120,790.61,11353523,8996,ADI
8888RTV,0,5770342,106,1405,1,RY-1824L,1,573,20260121,21.25,11356204,8620,AIPHONE CORPORATION
8888RTV,0,5773456,43,5448,1,XRN-820S-4TB,1,708,20260121,572.87,11355570,8996,ADI
8888RTV,0,5773456,91,5474,2,ANO-L7012R,16,850,20260121,57.64,11356200,8996,ADI
8888RTV,0,5773456,43,5029,2,XRN-820S-4TB,2,612,20260116,572.87,11341937,8996,ADI
8888RTV,0,5773456,279,5271,2,ANV-L7012R,16,603,20260116,57.64,11349808,8996,ADI
8888RTV,0,5773456,196,4348,1,CB110,15,342,20260116,8.68,11316187,8996,ADI
8888RTV,0,5773456,279,5218,1,ANV-L7012R,12,185,20260117,57.64,11348735,8996,ADI
8888RTV,0,5770345,10,4429,2,ADC-AC-X1100,1,293,20260119,330,11346903,220865,ALARM.COM INC
8888RTV,0,5282114,172,37449,9,1321-1,2,501,20260119,9.11,11322636,256963,ADEMCO INC
8888RTV,0,5770345,74,4475,4,ADC-AC-X100,1,782,20260119,269,11353039,220865,ALARM.COM INC
8888RTV,0,5770345,19,4453,1,ADC-VDB750-TH,1,821,20260120,99,11349949,220865,ALARM.COM INC
8888RTV,0,5770426,33,1539,1,B-ACS300-E-B,3,185,20260120,495,11351175,191253,BRIVO SYSTEMS LLC
8888RTV,0,5773456,69,5370,1,0E-22LED3,1,835,20260120,112.89,11353457,8996,ADI
8888RTV,0,5773456,279,5349,2,ANV-L7012R,4,573,20260120,57.64,11353146,8996,ADI
8888RTV,0,5773456,279,5285,1,ANV-L7012R,10,696,20260121,57.64,11351069,8996,ADI
8888RTV,0,5773456,279,5424,1,ANV-L7012R,5,293,20260121,57.64,11355390,8996,ADI
8888RTV,0,5773456,196,5124,1,CB110,5,748,20260121,8.68,11344659,8996,ADI
8888RTV,0,5773456,311,5377,1,QNV-C9011R,4,823,20260121,212.55,11353602,8996,ADI
8888RTV,0,5773456,91,5492,1,ANO-L7012R,4,867,20260122,57.64,11358088,8996,ADI
8888RTV,0,5770426,5,1563,1,B-ACS6000-MBE,1,888,20260122,957.78,11358470,191253,BRIVO SYSTEMS LLC
8888RTV,0,5773456,196,4866,1,CB110,10,676,20260122,8.68,11335303,8996,ADI
8888RTV,0,5770426,33,1560,1,B-ACS300-E-B,1,377,20260122,495,11358259,191253,BRIVO SYSTEMS LLC
8888RTV,0,5770345,19,4456,1,ADC-VDB750-TH,1,697,20260119,99,11350102,220865,ALARM.COM INC
8888RTV,0,5770345,15,4396,1,ADC-V724X,1,837,20260119,104.26,11341852,220865,ALARM.COM INC
8888RTV,0,5752082,226,4882,3,WG-50781101,8,267,20260122,109.74,11358256,8996,ADI
8888RTV,0,5615672,46,1140,4,PG9307,48,501,20260122,39.74,11342210,29905,TYCO SAFETY PRODUCTS CANADA LTD
8888RTV,0,5770347,1,359,1,EN-BR304P-0,1,837,20260116,434.25,11346960,242767,EAGLE EYE NETWORKS INC
8888RTV,0,5773456,423,5137,1,WD22PURZ,2,650,20260116,78.46,11344810,8996,ADI
8888RTV,0,5773456,249,5249,2,TREX-XL2,2,357,20260119,102.21,11349212,8996,ADI
8888RTV,0,5773456,59,5397,1,QND-7012R,1,379,20260122,129.53,11353898,8996,ADI
8888RTV,0,5752082,40,4882,5,WG-21155501,4,267,20260122,99.07,11358256,8996,ADI
8888RTV,0,5752082,37,4872,2,WG-21145801,5,646,20260121,48.95,11353149,8996,ADI
8888RTV,0,5272817,157,23835,1,ANVR08P24T,1,821,20260121,343.6,11353361,101933,MATRIX NETWORK INC
8888RTV,0,5282114,281,37444,5,6150,34,503,20260122,35.62,11322571,256963,ADEMCO INC
8888RTV,0,5773456,103,5186,2,SBP-125WMW1,8,823,20260119,29.25,11347048,8996,ADI
8888RTV,0,5770462,1,2906,2,487343,4000,327,20260120,0.082628571,11351632,6332,PAIGE ELECTRIC CO LP
8888RTV,0,5773456,91,5391,2,ANO-L7012R,2,677,20260120,57.64,11353834,8996,ADI
8888RTV,0,5773456,418,5266,1,SBP-137WMW1,8,829,20260120,27.89,11349719,8996,ADI
8888RTV,0,5773456,279,5359,1,ANV-L7012R,5,818,20260121,57.64,11353183,8996,ADI
8888RTV,0,5770462,23,2899,3,710548EWTA,40000,688,20260121,0.139926786,11349417,6332,PAIGE ELECTRIC CO LP
8888RTV,0,5770462,13,2875,2,454652AWHA,2000,676,20260116,0.194196875,11344698,6332,PAIGE ELECTRIC CO LP
8888RTV,0,5770462,13,2898,2,454652AWHA,1000,692,20260116,0.194196875,11349072,6332,PAIGE ELECTRIC CO LP
8888RTV,0,5773456,279,5176,1,ANV-L7012R,26,688,20260116,57.64,11346870,8996,ADI
8888RTV,0,5773456,91,5170,2,ANO-L7012R,4,678,20260116,57.64,11346864,8996,ADI
8888RTV,0,5272817,166,23831,1,AHVR1624T,1,137,20260116,314.59,11349656,101933,MATRIX NETWORK INC
8888RTV,0,5770345,10,4436,1,ADC-AC-X1100,1,880,20260120,330,11347367,220865,ALARM.COM INC
8888RTV,0,5773456,91,5271,3,ANO-L7012R,8,603,20260120,57.64,11349808,8996,ADI
8888RTV,0,5773456,229,5215,3,QNV-C8011R,5,827,20260120,179.8,11347985,8996,ADI
8888RTV,0,5773456,177,5431,1,ECR2450BP,9,686,20260121,2.06,11355412,8996,ADI
8888RTV,0,5770462,23,2915,1,710548EWTA,1000,207,20260121,0.139926786,11353908,6332,PAIGE ELECTRIC CO LP
8888RTV,0,5773456,393,5471,1,ARN-810S-2TB,1,850,20260121,277.95,11356170,8996,ADI
8888RTV,0,5773456,91,5323,1,ANO-L7012R,8,777,20260122,57.64,11351725,8996,ADI
8888RTV,0,5770345,10,4491,1,ADC-AC-X1100,1,266,20260122,330,11355467,220865,ALARM.COM INC
8888RTV,0,5752082,230,4886,1,WG-50781108,6,824,20260122,109.74,11360296,8996,ADI
8888RTV,0,5773456,432,5526,1,ARN-1610S-4TB,1,842,20260122,464.63,11358457,8996,ADI
8888RTV,0,5770342,106,1397,1,RY-1824L,1,826,20260116,21.25,11351280,8620,AIPHONE CORPORATION
8888RTV,0,5770426,12,1547,1,B-ACS6100R-E,1,682,20260116,1016.18,11353407,191253,BRIVO SYSTEMS LLC
8888RTV,0,5773456,305,5175,1,997,1,357,20260116,25.95,11346875,8996,ADI
8888RTV,0,5770426,7,1545,2,B-ACS6100-DB,1,884,20260119,222.38,11353366,191253,BRIVO SYSTEMS LLC
8888RTV,0,5770345,10,4444,2,ADC-AC-X1100,1,688,20260119,330,11348868,220865,ALARM.COM INC
8888RTV,0,5773456,415,5186,1,XRN-1620SB1-8TB,1,823,20260119,947.82,11347048,8996,ADI
8888RTV,0,5773456,418,5031,1,SBP-137WMW1,4,823,20260119,27.89,11341936,8996,ADI
8888RTV,0,5770345,4,4450,1,ADC-AC-ET25,2,232,20260120,244.73,11349034,220865,ALARM.COM INC
8888RTV,0,5773456,417,5317,1,ANCP3005Q,4,690,20260121,92.82,11351497,8996,ADI
8888RTV,0,5773456,121,5434,2,SBV-140BW,1,293,20260121,21.02,11355422,8996,ADI
8888RTV,0,5773456,279,5458,2,ANV-L7012R,4,831,20260121,57.64,11355932,8996,ADI
8888RTV,0,5770426,33,1565,1,B-ACS300-E-B,1,817,20260122,495,11358567,191253,BRIVO SYSTEMS LLC
8888RTV,0,5773456,416,5570,3,ANE-L7012L,5,888,20260122,88.43,11360422,8996,ADI
8888RTV,0,5773456,157,5205,2,XRN-420S-4TB,1,621,20260116,405.38,11347658,8996,ADI
8888RTV,0,5770342,12,1386,3,JVS-1V,1,237,20260116,422.45,11346979,8620,AIPHONE CORPORATION
8888RTV,0,5773456,393,5200,1,ARN-810S-2TB,1,650,20260116,277.95,11347395,8996,ADI
8888RTV,0,5770345,74,4422,3,ADC-AC-X100,1,676,20260116,269,11344698,220865,ALARM.COM INC
8888RTV,0,5272817,171,23838,1,AHVR0822T,1,696,20260116,212.89,11353682,101933,MATRIX NETWORK INC
8888RTV,0,5770342,12,1397,2,JVS-1V,1,826,20260116,422.45,11351280,8620,AIPHONE CORPORATION
8888RTV,0,5770342,66,1394,2,JP-DA,1,725,20260119,196.35,11349963,8620,AIPHONE CORPORATION
8888RTV,0,5770415,36,675,1,QS5210-840,48,501,20260120,43.7,11347000,256872,"QOLSYS, INC"
8888RTV,0,5773456,91,5236,1,ANO-L7012R,63,316,20260120,57.64,11348949,8996,ADI
8888RTV,0,5773456,392,4701,1,CB130T,11,812,20260120,8.68,11328925,8996,ADI
8888RTV,0,5773456,77,5386,1,MM400,50,830,20260121,1.24,11353712,8996,ADI
8888RTV,0,5752082,37,4879,3,WG-21145801,10,693,20260121,48.95,11356175,8996,ADI
8888RTV,0,5773456,103,5472,3,SBP-125WMW1,4,850,20260121,29.25,11356172,8996,ADI
8888RTV,0,5773456,176,5361,1,XRN-420S-2TB,2,777,20260122,293.72,11353187,8996,ADI
8888RTV,0,5770409,35,352,1,86733,3840,501,20260122,4.31,11317337,195769,JASCO PRODUCTS COMPANY LLC
8888RTV,0,5773456,7,5327,2,ARN-410S-2TB,1,693,20260116,248.91,11351807,8996,ADI
8888RTV,0,5752082,33,4858,1,WG-21141101,6,53,20260116,101.2,11344364,8996,ADI
8888RTV,0,5773456,416,5218,2,ANE-L7012L,8,185,20260117,88.43,11348735,8996,ADI
8888RTV,0,5773456,196,4988,2,CB110,3,377,20260120,8.68,11340277,8996,ADI
8888RTV,0,5770462,23,2905,1,710548EWTA,30000,831,20260120,0.139926786,11351429,6332,PAIGE ELECTRIC CO LP
8888RTV,0,5770345,10,4476,2,ADC-AC-X1100,1,659,20260120,330,11353098,220865,ALARM.COM INC
8888RTV,0,5770345,3,4449,1,ADC-AC-ET20,4,232,20260120,173.63,11348990,220865,ALARM.COM INC
8888RTV,0,5770409,35,343,1,86733,1920,503,20260121,4.31,11317308,195769,JASCO PRODUCTS COMPANY LLC
8888RTV,0,5752082,230,4879,1,WG-50781108,10,693,20260121,109.74,11356175,8996,ADI
8888RTV,0,5615672,59,1140,2,PG9945,48,501,20260122,25.5,11342210,29905,TYCO SAFETY PRODUCTS CANADA LTD
8888RTV,0,5770426,19,1555,1,B-BSPMF-B,2,678,20260122,168.48,11355661,191253,BRIVO SYSTEMS LLC
8888RTV,0,5770407,10,33,1,SAV9D,30,501,20260119,95.1,11340166,9029,ALTRONIX CORP
8888RTV,0,5773456,7,5443,1,ARN-410S-2TB,2,692,20260122,248.91,11355417,8996,ADI
8888RTV,0,5282114,375,37449,21,SIXRPTRA,7,501,20260119,73.65,11322636,256963,ADEMCO INC
8888RTV,0,5282114,473,37449,26,5800COV,27,501,20260119,40.79,11322636,256963,ADEMCO INC
8888RTV,0,5282114,455,37444,26,SIXSMOKEVA,304,503,20260122,36.26,11322571,256963,ADEMCO INC
8888RTV,0,5282114,462,37444,30,ADTLTE-V3,647,503,20260122,56.65,11322571,256963,ADEMCO INC
8888RTV,0,5773456,102,5259,1,0E-19VGHDMI2,1,659,20260116,143.09,11349615,8996,ADI
8888RTV,0,5770426,33,1542,1,B-ACS300-E-B,1,612,20260119,495,11351495,191253,BRIVO SYSTEMS LLC
8888RTV,0,5770345,55,4354,1,ADC-VC728PF,49,503,20260116,151.27,11335521,220865,ALARM.COM INC
8888RTV,0,5770342,106,1390,1,RY-1824L,1,831,20260119,21.25,11349578,8620,AIPHONE CORPORATION
8888RTV,0,5773456,43,5258,1,XRN-820S-4TB,1,831,20260120,572.87,11349602,8996,ADI
8888RTV,0,5770345,88,4466,1,ADC-V730,4,686,20260120,106.26,11351627,220865,ALARM.COM INC
8888RTV,0,5770345,10,4462,1,ADC-AC-X1100,1,826,20260120,330,11351256,220865,ALARM.COM INC
8888RTV,0,5773456,91,5291,1,ANO-L7012R,3,194,20260120,57.64,11351068,8996,ADI
8888RTV,0,5773456,117,4727,1,CBM,6,816,20260122,11.83,11330208,8996,ADI
8888RTV,0,5773456,159,5484,1,0E-CAT5CMWH,35,185,20260122,100.99,11356785,8996,ADI
8888RTV,0,5773456,384,3869,1,4532,500,501,20260122,12.34,11298604,8996,ADI
8888RTV,0,5272817,174,23830,1,AHVR0422T,1,297,20260119,192.68,11348692,101933,MATRIX NETWORK INC
8888RTV,0,5773456,254,5289,2,SBV-120GW,4,185,20260120,10.78,11351070,8996,ADI
8888RTV,0,5773456,157,5199,2,XRN-420S-4TB,1,850,20260116,405.38,11347383,8996,ADI
8888RTV,0,5770345,10,4442,2,ADC-AC-X1100,1,688,20260119,330,11348795,220865,ALARM.COM INC
8888RTV,0,5770457,17,1357,1,20NKS-00-000000,4,831,20260119,185.09,11353100,7092,HID GLOBAL
8888RTV,0,5773456,415,5261,1,XRN-1620SB1-8TB,1,379,20260120,947.82,11349687,8996,ADI
8888RTV,0,5773456,121,5438,2,SBV-140BW,3,722,20260121,21.02,11355414,8996,ADI
8888RTV,0,5773456,176,5475,1,XRN-420S-2TB,1,693,20260121,293.72,11356197,8996,ADI
8888RTV,0,5773456,121,5331,3,SBV-140BW,5,850,20260121,21.02,11351943,8996,ADI
8888RTV,0,5773456,130,5571,2,ANE-L7012R,16,692,20260122,88.43,11360442,8996,ADI
8888RTV,0,5773456,196,4695,1,CB110,2,238,20260122,8.68,11328909,8996,ADI
8888RTV,0,5770462,2,2898,1,493494,500,692,20260116,0.1300625,11349072,6332,PAIGE ELECTRIC CO LP
8888RTV,0,5773456,394,5298,1,ANO-L7022R,3,835,20260116,57.64,11351154,8996,ADI
8888RTV,0,5770345,10,4422,2,ADC-AC-X1100,1,676,20260116,330,11344698,220865,ALARM.COM INC
8888RTV,0,5773456,415,5110,1,XRN-1620SB1-8TB,1,823,20260119,947.82,11344398,8996,ADI
8888RTV,0,5773456,196,5042,1,CB110,3,377,20260119,8.68,11342159,8996,ADI
8888RTV,0,5770345,3,4467,2,ADC-AC-ET20,3,708,20260119,173.63,11351693,220865,ALARM.COM INC
8888RTV,0,5773456,81,5531,1,XRN-820S-2TB,1,708,20260121,498.43,11358886,8996,ADI
8888RTV,0,5770462,23,2929,1,710548EWTA,5000,207,20260122,0.139926786,11358572,6332,PAIGE ELECTRIC CO LP
8888RTV,0,5773456,279,5435,2,ANV-L7012R,6,842,20260122,57.64,11355423,8996,ADI
8888RTV,0,5773456,91,5231,3,ANO-L7012R,13,573,20260116,57.64,11348948,8996,ADI
8888RTV,0,5773456,121,5200,2,SBV-140BW,7,650,20260116,21.02,11347395,8996,ADI
8888RTV,0,5770342,9,1385,1,RY-3DL,1,708,20260119,68,11344971,8620,AIPHONE CORPORATION
8888RTV,0,5773456,196,4900,1,CB110,3,342,20260119,8.68,11336602,8996,ADI
8888RTV,0,5282114,90,37449,12,SIXCTA,5313,501,20260119,9.97,11322636,256963,ADEMCO INC
8888RTV,0,5770426,12,1522,1,B-ACS6100R-E,1,650,20260116,1016.18,11344808,191253,BRIVO SYSTEMS LLC
8888RTV,0,5282114,23,37444,20,DESKMT-AIO,360,503,20260122,16.98,11322571,256963,ADEMCO INC
8888RTV,0,5773456,249,5233,1,TREX-XL2,1,324,20260116,102.21,11348947,8996,ADI
8888RTV,0,5770410,14,945,1,GA02411-US,1080,503,20260120,176.4,11304285,269855,GOOGLE LLC
8888RTV,0,5773456,432,5334,1,ARN-1610S-4TB,1,697,20260120,464.63,11351940,8996,ADI
8888RTV,0,5773456,393,5316,1,ARN-810S-2TB,1,234,20260120,277.95,11351435,8996,ADI
8888RTV,0,5773456,436,5420,1,5602,100,501,20260121,15.35,11355359,8996,ADI
8888RTV,0,5752082,226,4879,2,WG-50781101,10,693,20260121,109.74,11356175,8996,ADI
8888RTV,0,5770415,46,670,1,QR0096-840,10,888,20260121,5.28,11344028,256872,"QOLSYS, INC"
8888RTV,0,5773456,146,5478,1,TPE-TG51G,5,827,20260121,42.43,11356267,8996,ADI
8888RTV,0,5770462,30,2919,1,741802PL-L,20000,379,20260122,0.1446875,11355679,6332,PAIGE ELECTRIC CO LP
8888RTV,0,5773456,311,5417,2,QNV-C9011R,2,812,20260122,212.55,11355327,8996,ADI
8888RTV,0,5773456,177,5272,1,ECR2450BP,1,137,20260116,2.06,11349851,8996,ADI
8888RTV,0,5770345,10,4412,2,ADC-AC-X1100,1,693,20260116,330,11344082,220865,ALARM.COM INC
8888RTV,0,5770426,12,1525,1,B-ACS6100R-E,1,650,20260116,1016.18,11347402,191253,BRIVO SYSTEMS LLC
8888RTV,0,5773456,43,5246,1,XRN-820S-4TB,1,830,20260116,572.87,11349172,8996,ADI
8888RTV,0,5773456,393,5219,2,ARN-810S-2TB,1,940,20260116,277.95,11348739,8996,ADI
8888RTV,0,5773456,177,5289,1,ECR2450BP,35,185,20260117,2.06,11351070,8996,ADI
8888RTV,0,5770342,69,1394,3,JPS-4AED,1,725,20260119,1361.7,11349963,8620,AIPHONE CORPORATION
8888RTV,0,5773456,392,5040,2,CB130T,5,185,20260120,8.68,11342096,8996,ADI
8888RTV,0,5770457,36,1361,1,20KTKS-02-000000,1,888,20260120,291.65,11353511,7092,HID GLOBAL
8888RTV,0,5773456,279,5354,3,ANV-L7012R,34,831,20260120,57.64,11353185,8996,ADI
8888RTV,0,5773456,393,5518,1,ARN-810S-2TB,3,669,20260121,277.95,11358191,8996,ADI
8888RTV,0,5615672,49,1140,5,PG9901 BATT,24,501,20260122,64.1,11342210,29905,TYCO SAFETY PRODUCTS CANADA LTD
8888RTV,0,5773456,91,5301,1,ANO-L7012R,1,688,20260122,57.64,11351173,8996,ADI
8888RTV,0,5770457,17,1368,1,20NKS-00-000000,6,573,20260122,185.09,11355538,7092,HID GLOBAL
8888RTV,0,5773456,190,5205,3,ANO-L7082R,1,621,20260116,85.15,11347658,8996,ADI
8888RTV,0,5770345,54,4358,7,ADC-VC727P,40,501,20260116,131.49,11335547,220865,ALARM.COM INC
8888RTV,0,5773456,121,5243,2,SBV-140BW,6,293,20260116,21.02,11349075,8996,ADI
8888RTV,0,5770345,10,4382,2,ADC-AC-X1100,1,342,20260116,330,11339879,220865,ALARM.COM INC
8888RTV,0,5770462,28,2893,3,71536100BL,1,646,20260119,53.33470833,11348731,6332,PAIGE ELECTRIC CO LP
8888RTV,0,5770426,33,1552,1,B-ACS300-E-B,4,573,20260119,495,11355538,191253,BRIVO SYSTEMS LLC
8888RTV,0,5770462,13,2913,3,454652AWHA,5000,831,20260120,0.194196875,11353699,6332,PAIGE ELECTRIC CO LP
8888RTV,0,5773456,110,5265,1,ARN-810S-4TB,5,379,20260120,409.52,11349721,8996,ADI
8888RTV,0,5272817,160,23840,1,ANVR04P22T,1,880,20260120,244.46,11355929,101933,MATRIX NETWORK INC
8888RTV,0,5770351,21,166,1,MR70S-1ADNAS,160,501,20260121,55,11119918,211550,NETGEAR INC
8888RTV,0,5773456,91,5229,1,ANO-L7012R,9,815,20260121,57.64,11348946,8996,ADI
8888RTV,0,5272817,157,23843,1,ANVR08P24T,1,194,20260122,343.6,11358378,101933,MATRIX NETWORK INC
8888RTV,0,5773456,332,5585,1,PB-EXIT,2,659,20260122,66.85,11360799,8996,ADI
8888RTV,0,5773456,423,5351,1,WD22PURZ,2,678,20260122,78.46,11353160,8996,ADI
8888RTV,0,5773456,416,5029,4,ANE-L7012L,8,612,20260116,88.43,11341937,8996,ADI
8888RTV,0,5773456,224,5064,5,QNE-C9013RL,12,827,20260116,245.63,11342881,8996,ADI
8888RTV,0,5773456,196,5067,1,CB110,2,342,20260116,8.68,11343046,8996,ADI
8888RTV,0,5752082,37,4865,2,WG-21145801,20,294,20260116,48.95,11349287,8996,ADI
8888RTV,0,5770457,37,1356,1,20NKS-02-000000,1,612,20260119,162.65,11351495,7092,HID GLOBAL
8888RTV,0,5770415,43,669,1,IQR-PG,37,501,20260119,155,11342209,256872,"QOLSYS, INC"
8888RTV,0,5773456,139,5321,1,HDMICP10,1,343,20260120,15.37,11351650,8996,ADI
8888RTV,0,5773456,311,5334,2,QNV-C9011R,8,697,20260120,212.55,11351940,8996,ADI
8888RTV,0,5773456,416,5190,2,ANE-L7012L,8,777,20260120,88.43,11347162,8996,ADI
8888RTV,0,5770426,5,1553,1,B-ACS6000-MBE,1,696,20260121,957.78,11355638,191253,BRIVO SYSTEMS LLC
8888RTV,0,5773456,146,5275,2,TPE-TG51G,1,827,20260122,42.43,11350193,8996,ADI
8888RTV,0,5773456,84,5568,1,IS335,1,884,20260122,9.47,11360368,8996,ADI
8888RTV,0,5773456,110,5385,3,ARN-810S-4TB,1,612,20260122,409.52,11353711,8996,ADI
8888RTV,0,5773456,91,5327,1,ANO-L7012R,4,693,20260116,57.64,11351807,8996,ADI
8888RTV,0,5773456,426,5221,3,SBV-A14B,1,676,20260116,21.02,11348808,8996,ADI
8888RTV,0,5773456,418,5315,1,SBP-137WMW1,4,829,20260116,27.89,11351425,8996,ADI
8888RTV,0,5773456,81,5299,1,XRN-820S-2TB,1,838,20260116,498.43,11351156,8996,ADI
8888RTV,0,5770426,33,1546,1,B-ACS300-E-B,2,812,20260120,495,11353369,191253,BRIVO SYSTEMS LLC
8888RTV,0,5773456,103,5184,1,SBP-125WMW1,6,817,20260120,29.25,11346964,8996,ADI
8888RTV,0,5770345,10,4450,3,ADC-AC-X1100,1,232,20260120,330,11349034,220865,ALARM.COM INC
8888RTV,0,5770345,2,4437,1,ADC-AC-ET10,2,357,20260120,143.15,11347722,220865,ALARM.COM INC
8888RTV,0,5773456,176,4817,1,XRN-420S-2TB,4,828,20260121,293.72,11332543,8996,ADI
8888RTV,0,5773456,279,5434,1,ANV-L7012R,5,293,20260121,57.64,11355422,8996,ADI
8888RTV,0,5773456,233,5413,1,WD42PURZ,1,818,20260121,111.61,11355265,8996,ADI
8888RTV,0,5770345,19,4472,1,ADC-VDB750-TH,1,821,20260121,99,11352121,220865,ALARM.COM INC
8888RTV,0,5770415,43,606,6,IQR-PG,104,503,20260121,155,11280130,256872,"QOLSYS, INC"
8888RTV,0,5770342,66,1399,2,JP-DA,1,677,20260121,196.35,11353192,8620,AIPHONE CORPORATION
8888RTV,0,5773456,416,5331,4,ANE-L7012L,3,850,20260121,88.43,11351943,8996,ADI
8888RTV,0,5770345,75,4468,1,ADC-VACC-729-JB,1,837,20260121,12.5,11351723,220865,ALARM.COM INC
8888RTV,0,5770345,75,4392,1,ADC-VACC-729-JB,2,469,20260119,12.5,11340798,220865,ALARM.COM INC
8888RTV,0,5770415,57,678,1,IQP4BASE-GRY,1,288,20260120,68.09,11349502,256872,"QOLSYS, INC"
8888RTV,0,5282114,235,37444,9,5800PIR,24,503,20260122,50.01,11322571,256963,ADEMCO INC
8888RTV,0,5282114,454,37449,23,SIXCOMBOVA,5500,501,20260119,89.51,11322636,256963,ADEMCO INC
8888RTV,0,5752082,94,4862,1,WG-31951099,3,628,20260120,663.06,11347264,8996,ADI
8888RTV,0,5282114,259,37444,6,5821,6,503,20260122,34.39,11322571,256963,ADEMCO INC
8888RTV,0,5770410,24,952,1,GA09963-US,240,501,20260119,83.3,11313070,269855,GOOGLE LLC
8888RTV,0,5282114,100,37449,14,SIXSIRENA,28,501,20260119,45.32,11322636,256963,ADEMCO INC
8888RTV,0,5770457,4,1343,1,1326LMSMV,200,459,20260122,1.99,11344722,7092,HID GLOBAL
8888RTV,0,5752082,166,4882,1,WG-45061101,3,267,20260122,95.35,11358256,8996,ADI
8888RTV,0,5615672,49,1142,4,PG9901 BATT,30,503,20260122,64.1,11347002,29905,TYCO SAFETY PRODUCTS CANADA LTD
8888RTV,0,5615672,53,1142,2,PG9920,42,503,20260122,90.73,11347002,29905,TYCO SAFETY PRODUCTS CANADA LTD
8888RTV,0,5273154,39,15405,1,PC1604,24,628,20260116,1.88,11347264,203219,UNIVERSAL POWER GROUP INC
8888RTV,0,5770345,81,4418,2,ADC-W115C,1,940,20260120,35,11344378,220865,ALARM.COM INC
8888RTV,0,5282114,474,37449,27,SIXCOVA,67,501,20260119,40.79,11322636,256963,ADEMCO INC
8888RTV,0,5282114,452,37444,32,5800SMOKEV,426,503,20260122,36.26,11322571,256963,ADEMCO INC
8888RTV,0,5770345,2,4443,1,ADC-AC-ET10,4,688,20260119,143.15,11348853,220865,ALARM.COM INC
8888RTV,0,5773456,279,5246,2,ANV-L7012R,5,830,20260116,57.64,11349172,8996,ADI
8888RTV,0,5773456,418,5354,1,SBP-137WMW1,23,831,20260120,27.89,11353185,8996,ADI
8888RTV,0,5773456,416,5262,1,ANE-L7012L,40,379,20260120,88.43,11349713,8996,ADI
8888RTV,0,5773456,404,5171,1,ANV-L7082R,4,814,20260120,85.15,11346868,8996,ADI
8888RTV,0,5773456,121,5215,4,SBV-140BW,5,827,20260120,21.02,11347985,8996,ADI
8888RTV,0,5773456,208,5482,1,CB140PT,6,827,20260122,11.83,11356519,8996,ADI
8888RTV,0,5773456,196,5034,1,CB110,3,692,20260122,8.68,11341955,8996,ADI
8888RTV,0,5773456,7,5417,1,ARN-410S-2TB,1,812,20260122,248.91,11355327,8996,ADI
8888RTV,0,5773456,224,5287,6,QNE-C9013RL,10,827,20260122,245.63,11351074,8996,ADI
8888RTV,0,5770462,23,2884,1,710548EWTA,2500,237,20260116,0.139926786,11346779,6332,PAIGE ELECTRIC CO LP
8888RTV,0,5773456,7,5244,2,ARN-410S-2TB,1,940,20260116,248.91,11349090,8996,ADI
8888RTV,0,5773456,176,5221,1,XRN-420S-2TB,1,676,20260116,293.72,11348808,8996,ADI
8888RTV,0,5773456,190,5144,5,ANO-L7082R,9,827,20260116,85.15,11345133,8996,ADI
8888RTV,0,5770345,19,4282,1,ADC-VDB750-TH,1,821,20260119,99,11325772,220865,ALARM.COM INC
8888RTV,0,5770342,106,1398,1,RY-1824L,1,828,20260120,21.25,11353130,8620,AIPHONE CORPORATION
8888RTV,0,5770345,8,4406,1,ADC-AC-MR52,1,650,20260116,372.55,11342500,220865,ALARM.COM INC
8888RTV,0,5773456,393,5223,2,ARN-810S-2TB,2,185,20260117,277.95,11348884,8996,ADI
8888RTV,0,5770345,61,4358,6,MYQ-821LMC-SMC,5,501,20260119,42.5,11335547,220865,ALARM.COM INC
8888RTV,0,5770345,10,4467,3,ADC-AC-X1100,1,708,20260119,330,11351693,220865,ALARM.COM INC
8888RTV,0,5773456,196,4300,2,CB110,9,729,20260120,8.68,11315126,8996,ADI
8888RTV,0,5773456,416,5236,4,ANE-L7012L,6,316,20260120,88.43,11348949,8996,ADI
8888RTV,0,5773456,81,5393,1,XRN-820S-2TB,1,817,20260120,498.43,11353868,8996,ADI
8888RTV,0,5770345,10,4449,2,ADC-AC-X1100,1,232,20260120,330,11348990,220865,ALARM.COM INC
8888RTV,0,5773456,224,5367,1,QNE-C9013RL,8,691,20260121,245.63,11353394,8996,ADI
8888RTV,0,5773456,91,5415,3,ANO-L7012R,8,669,20260121,57.64,11355317,8996,ADI
8888RTV,0,5770345,3,4475,2,ADC-AC-ET20,2,782,20260121,173.63,11353039,220865,ALARM.COM INC
8888RTV,0,5773456,349,5306,1,HS2LCD N,1,821,20260121,118.26,11351301,8996,ADI
8888RTV,0,5773456,176,5407,1,XRN-420S-2TB,1,821,20260121,293.72,11354422,8996,ADI
8888RTV,0,5773456,69,5500,1,0E-22LED3,1,316,20260122,112.89,11358114,8996,ADI
8888RTV,0,5773456,196,4266,1,CB110,15,180,20260122,8.68,11313375,8996,ADI
8888RTV,0,5773456,279,5125,2,ANV-L7012R,8,612,20260116,57.64,11344693,8996,ADI
8888RTV,0,5773456,196,4865,1,CB110,5,678,20260116,8.68,11335304,8996,ADI
8888RTV,0,5773456,362,5164,1,WM110,4,288,20260116,6.31,11346874,8996,ADI
8888RTV,0,5773456,91,5280,1,ANO-L7012R,4,692,20260116,57.64,11350991,8996,ADI
8888RTV,0,5770345,15,4426,1,ADC-V724X,1,692,20260116,104.26,11346794,220865,ALARM.COM INC
8888RTV,0,5770345,4,4382,1,ADC-AC-ET25,1,342,20260116,244.73,11339879,220865,ALARM.COM INC
8888RTV,0,5770342,103,1390,2,MCW-S/B,1,831,20260119,17.85,11349578,8620,AIPHONE CORPORATION
8888RTV,0,5770345,10,4475,3,ADC-AC-X1100,1,782,20260119,330,11353039,220865,ALARM.COM INC
8888RTV,0,5770457,37,1362,2,20NKS-02-000000,2,830,20260121,162.65,11353726,7092,HID GLOBAL
8888RTV,0,5752082,226,4871,1,WG-50781101,2,685,20260116,109.74,11351824,8996,ADI
8888RTV,0,5752082,226,4880,1,WG-50781101,15,608,20260122,109.74,11358073,8996,ADI
8888RTV,0,5752082,166,4878,1,WG-45061101,2,685,20260121,95.35,11356003,8996,ADI
8888RTV,0,5773456,113,5415,1,0-000-701-01,5,669,20260121,29.27,11355317,8996,ADI
8888RTV,0,5282114,23,37449,16,DESKMT-AIO,170,501,20260119,16.98,11322636,256963,ADEMCO INC
8888RTV,0,5773456,432,5331,1,ARN-1610S-4TB,1,850,20260121,464.63,11351943,8996,ADI
8888RTV,0,5773456,69,5214,4,0E-22LED3,2,357,20260119,112.89,11347873,8996,ADI
8888RTV,0,5773456,153,5342,2,TC-TR6,1,677,20260120,43.29,11353097,8996,ADI
8888RTV,0,5773456,196,5109,1,CB110,4,631,20260120,8.68,11344354,8996,ADI
8888RTV,0,5770342,103,1400,2,MCW-S/B,1,678,20260120,17.85,11355450,8620,AIPHONE CORPORATION
8888RTV,0,5752082,226,4881,2,WG-50781101,4,588,20260121,109.74,11358144,8996,ADI
8888RTV,0,5773456,196,5209,1,CB110,2,693,20260121,8.68,11347729,8996,ADI
8888RTV,0,5770462,28,2898,3,71536100BL,1,692,20260116,53.33470833,11349072,6332,PAIGE ELECTRIC CO LP
8888RTV,0,5770426,33,1548,1,B-ACS300-E-B,1,692,20260120,495,11353465,191253,BRIVO SYSTEMS LLC
8888RTV,0,5773456,17,5409,1,QNE-C8013RL,2,888,20260121,216.16,11355156,8996,ADI
8888RTV,0,5770409,35,353,1,86733,1920,503,20260121,4.31,11317382,195769,JASCO PRODUCTS COMPANY LLC
8888RTV,0,5773456,393,5439,3,ARN-810S-2TB,3,690,20260121,277.95,11355426,8996,ADI
8888RTV,0,5770462,2,2844,1,493494,20000,832,20260121,0.1300625,11335444,6332,PAIGE ELECTRIC CO LP
8888RTV,0,5615672,53,1140,3,PG9920,12,501,20260122,90.73,11342210,29905,TYCO SAFETY PRODUCTS CANADA LTD
8888RTV,0,5770426,12,1566,1,B-ACS6100R-E,1,826,20260122,1016.18,11360034,191253,BRIVO SYSTEMS LLC
8888RTV,0,5773456,416,5414,2,ANE-L7012L,5,343,20260122,88.43,11355308,8996,ADI
8888RTV,0,5773456,392,4339,1,CB130T,5,573,20260116,8.68,11315851,8996,ADI
8888RTV,0,5773456,177,5029,1,ECR2450BP,50,612,20260116,2.06,11341937,8996,ADI
8888RTV,0,5770345,30,4458,1,ADC-AC-FOB-60H8,1,829,20260119,81.25,11350918,220865,ALARM.COM INC
8888RTV,0,5272817,174,23837,1,AHVR0422T,1,829,20260119,192.68,11353459,101933,MATRIX NETWORK INC
8888RTV,0,5770342,106,1395,1,RY-1824L,1,459,20260119,21.25,11350916,8620,AIPHONE CORPORATION
8888RTV,0,5282114,87,37449,5,SF3000PCB,30,501,20260119,39.41,11322636,256963,ADEMCO INC
8888RTV,0,5773456,97,5390,1,VISTA-128BPT,1,688,20260120,295.61,11353782,8996,ADI
8888RTV,0,5770462,23,2903,1,710548EWTA,4000,777,20260120,0.139926786,11350923,6332,PAIGE ELECTRIC CO LP
8888RTV,0,5770426,5,1561,1,B-ACS6000-MBE,1,829,20260121,957.78,11358260,191253,BRIVO SYSTEMS LLC
8888RTV,0,5773456,121,5460,5,SBV-140BW,4,827,20260121,21.02,11355981,8996,ADI
8888RTV,0,5770345,55,4402,1,ADC-VC728PF,35,501,20260122,151.27,11342197,220865,ALARM.COM INC
8888RTV,0,5773456,393,5416,1,ARN-810S-2TB,1,343,20260122,277.95,11355320,8996,ADI
8888RTV,0,5770426,33,1555,2,B-ACS300-E-B,1,678,20260122,495,11355661,191253,BRIVO SYSTEMS LLC
8888RTV,0,5770345,15,4483,1,ADC-V724X,2,686,20260122,104.26,11353756,220865,ALARM.COM INC
8888RTV,0,5773456,404,5556,7,ANV-L7082R,6,573,20260122,85.15,11360225,8996,ADI
8888RTV,0,5773456,279,5338,3,ANV-L7012R,7,827,20260122,57.64,11352176,8996,ADI
8888RTV,0,5773456,418,5237,1,SBP-137WMW1,4,819,20260116,27.89,11348939,8996,ADI
8888RTV,0,5773456,279,5185,2,ANV-L7012R,8,940,20260116,57.64,11347005,8996,ADI
8888RTV,0,5773456,279,5217,2,ANV-L7012R,3,646,20260116,57.64,11348720,8996,ADI
8888RTV,0,5770345,51,4061,1,ADC-VACC-LDK,7,503,20260116,16.5,11297822,220865,ALARM.COM INC
8888RTV,0,5770345,52,4358,4,ADC-VACC-MNT110,65,501,20260119,15.05,11335547,220865,ALARM.COM INC
8888RTV,0,5272817,160,23836,1,ANVR04P22T,1,880,20260119,244.46,11353424,101933,MATRIX NETWORK INC
8888RTV,0,5773456,91,5228,2,ANO-L7012R,2,238,20260119,57.64,11348940,8996,ADI
8888RTV,0,5773456,416,5214,3,ANE-L7012L,8,357,20260119,88.43,11347873,8996,ADI
8888RTV,0,5773456,416,5292,1,ANE-L7012L,5,603,20260120,88.43,11351076,8996,ADI
8888RTV,0,5773456,97,5295,1,VISTA-128BPT,1,842,20260120,295.61,11351077,8996,ADI
8888RTV,0,5773456,394,5316,2,ANO-L7022R,3,234,20260120,57.64,11351435,8996,ADI
8888RTV,0,5770462,2,2907,1,493494,3000,884,20260121,0.1300625,11351641,6332,PAIGE ELECTRIC CO LP
8888RTV,0,5615672,90,1140,1,WS4945,200,501,20260122,14.92,11342210,29905,TYCO SAFETY PRODUCTS CANADA LTD
8888RTV,0,5773456,91,5441,2,ANO-L7012R,14,343,20260122,57.64,11355424,8996,ADI
8888RTV,0,5773456,196,4687,1,CB110,5,180,20260122,8.68,11328888,8996,ADI
8888RTV,0,5773456,81,5256,1,XRN-820S-2TB,1,275,20260116,498.43,11349549,8996,ADI
8888RTV,0,5770415,36,665,1,QS5210-840,5,501,20260116,43.7,11336012,256872,"QOLSYS, INC"
8888RTV,0,5773456,394,5240,1,ANO-L7022R,2,723,20260116,57.64,11348934,8996,ADI
8888RTV,0,5770345,2,4442,1,ADC-AC-ET10,4,688,20260119,143.15,11348795,220865,ALARM.COM INC
8888RTV,0,5773456,279,5310,2,ANV-L7012R,2,812,20260119,57.64,11351331,8996,ADI
8888RTV,0,5770345,10,4425,1,ADC-AC-X1100,1,748,20260120,330,11346755,220865,ALARM.COM INC
8888RTV,0,5773456,91,5456,1,ANO-L7012R,1,677,20260120,57.64,11355865,8996,ADI
8888RTV,0,5770410,14,948,2,GA02411-US,144,501,20260121,176.4,11304329,269855,GOOGLE LLC
8888RTV,0,5773456,69,5404,1,0E-22LED3,6,603,20260121,112.89,11354043,8996,ADI
8888RTV,0,5773456,254,5287,2,SBV-120GW,6,827,20260121,10.78,11351074,8996,ADI
8888RTV,0,5773456,279,5453,2,ANV-L7012R,16,357,20260122,57.64,11355771,8996,ADI
8888RTV,0,5770345,75,4502,1,ADC-VACC-729-JB,2,682,20260122,12.5,11358064,220865,ALARM.COM INC
8888RTV,0,5770345,75,4379,1,ADC-VACC-729-JB,5,612,20260119,12.5,11339646,220865,ALARM.COM INC
8888RTV,0,5273154,20,15411,1,86562,2,262,20260120,9.7,11353070,203219,UNIVERSAL POWER GROUP INC
8888RTV,0,5282114,253,37449,1,5816WMBR,4,501,20260119,9.97,11322636,256963,ADEMCO INC
8888RTV,0,5282114,264,37444,10,5834-4ADT,324,503,20260122,12.46,11322571,256963,ADEMCO INC
8888RTV,0,5770410,29,948,4,GA01892-US,560,501,20260121,68.6,11304329,269855,GOOGLE LLC
8888RTV,0,5282114,416,37452,31,ADTLTE-A3,1840,503,20260119,56.65,11322557,256963,ADEMCO INC
8888RTV,0,5282114,387,37449,19,SIXFOB2A,249,501,20260119,12.46,11322636,256963,ADEMCO INC
8888RTV,0,5773456,311,5318,2,QNV-C9011R,8,835,20260116,212.55,11351574,8996,ADI
8888RTV,0,5773456,279,5223,1,ANV-L7012R,10,185,20260117,57.64,11348884,8996,ADI
8888RTV,0,5770342,103,1402,3,MCW-S/B,2,829,20260121,17.85,11355870,8620,AIPHONE CORPORATION
8888RTV,0,5773456,91,5495,1,ANO-L7012R,1,239,20260122,57.64,11358095,8996,ADI
8888RTV,0,5770345,4,4474,1,ADC-AC-ET25,1,686,20260122,244.73,11353030,220865,ALARM.COM INC
8888RTV,0,5282114,479,37449,28,SIXMINICT3A,3124,501,20260119,13.88,11322636,256963,ADEMCO INC
8888RTV,0,5770415,43,676,2,IQR-PG,48,503,20260119,155,11347001,256872,"QOLSYS, INC"
8888RTV,0,5770342,63,1389,1,JP-4HD,1,357,20260119,839.8,11349212,8620,AIPHONE CORPORATION
8888RTV,0,5773456,224,5354,5,QNE-C9013RL,8,831,20260120,245.63,11353185,8996,ADI
8888RTV,0,5770457,36,1375,1,20KTKS-02-000000,4,826,20260122,291.65,11360034,7092,HID GLOBAL
8888RTV,0,5773456,254,5293,3,SBV-120GW,13,816,20260122,10.78,11351066,8996,ADI
8888RTV,0,5773456,7,5467,1,ARN-410S-2TB,2,777,20260121,248.91,11356083,8996,ADI
8888RTV,0,5770462,1,2927,1,487343,4000,267,20260122,0.082628571,11358256,6332,PAIGE ELECTRIC CO LP
8888RTV,0,5773456,130,5455,5,ANE-L7012R,4,262,20260122,88.43,11355864,8996,ADI
8888RTV,0,5773456,69,5196,1,0E-22LED3,1,256,20260116,112.89,11347348,8996,ADI
8888RTV,0,5773456,187,5108,1,968XTP,2,185,20260116,63.13,11344366,8996,ADI
8888RTV,0,5773456,279,5243,1,ANV-L7012R,6,293,20260116,57.64,11349075,8996,ADI
8888RTV,0,5773456,279,5068,2,ANV-L7012R,5,342,20260116,57.64,11343055,8996,ADI
8888RTV,0,5773456,91,5330,1,ANO-L7012R,2,137,20260119,57.64,11351886,8996,ADI
8888RTV,0,5770345,51,4063,2,ADC-VACC-LDK,7,501,20260119,16.5,11297841,220865,ALARM.COM INC
8888RTV,0,5770462,2,2893,1,493494,500,646,20260119,0.1300625,11348731,6332,PAIGE ELECTRIC CO LP
8888RTV,0,5770462,23,2906,3,710548EWTA,2000,327,20260120,0.139926786,11351632,6332,PAIGE ELECTRIC CO LP
8888RTV,0,5770462,2,2917,1,493494,15000,682,20260120,0.1300625,11355262,6332,PAIGE ELECTRIC CO LP
8888RTV,0,5773456,224,5275,4,QNE-C9013RL,12,827,20260121,245.63,11350193,8996,ADI
8888RTV,0,5773456,91,5489,2,ANO-L7012R,2,676,20260122,57.64,11358078,8996,ADI
8888RTV,0,5773456,196,5430,1,CB110,3,290,20260122,8.68,11355421,8996,ADI
8888RTV,0,5770462,2,2875,1,493494,2000,676,20260116,0.1300625,11344698,6332,PAIGE ELECTRIC CO LP
8888RTV,0,5770345,4,4406,2,ADC-AC-ET25,4,650,20260116,244.73,11342500,220865,ALARM.COM INC
8888RTV,0,5773456,279,5175,2,ANV-L7012R,11,357,20260116,57.64,11346875,8996,ADI
8888RTV,0,5773456,426,5182,2,SBV-A14B,6,837,20260116,21.02,11346960,8996,ADI
8888RTV,0,5773456,416,5151,1,ANE-L7012L,16,603,20260119,88.43,11346759,8996,ADI
8888RTV,0,5773456,157,5263,1,XRN-420S-4TB,1,829,20260120,405.38,11349712,8996,ADI
8888RTV,0,5773456,162,5380,1,XRN-1620SB1-4TB,1,823,20260121,790.61,11353656,8996,ADI
8888RTV,0,5770342,60,1402,2,JOS-1AW,1,829,20260121,560.15,11355870,8620,AIPHONE CORPORATION
8888RTV,0,5770415,46,674,1,QR0096-840,1,723,20260122,5.28,11346826,256872,"QOLSYS, INC"
8888RTV,0,5773456,224,5491,1,QNE-C9013RL,1,631,20260122,245.63,11358076,8996,ADI
8888RTV,0,5773456,394,5578,1,ANO-L7022R,2,316,20260122,57.64,11360689,8996,ADI
8888RTV,0,5770345,52,4354,3,ADC-VACC-MNT110,129,503,20260116,15.05,11335521,220865,ALARM.COM INC
8888RTV,0,5773456,93,5245,1,AL400ULACM,1,830,20260116,251.49,11349164,8996,ADI
8888RTV,0,5770345,74,4442,3,ADC-AC-X100,1,688,20260119,269,11348795,220865,ALARM.COM INC
8888RTV,0,5282114,97,37444,19,SIXPIRA,6256,503,20260122,24.36,11322571,256963,ADEMCO INC
8888RTV,0,5770457,37,1364,1,20NKS-02-000000,2,673,20260120,162.65,11353783,7092,HID GLOBAL
8888RTV,0,5770426,12,1527,1,B-ACS6100R-E,1,137,20260116,1016.18,11348738,191253,BRIVO SYSTEMS LLC
8888RTV,0,5770345,70,4358,8,ADC-VC729P,24,501,20260116,189,11335547,220865,ALARM.COM INC
8888RTV,0,5282114,181,37449,7,300-03866,10,501,20260119,16.15,11322636,256963,ADEMCO INC
8888RTV,0,5615672,97,1145,1,WT4911BATT,160,503,20260116,10.33,11351498,29905,TYCO SAFETY PRODUCTS CANADA LTD
8888RTV,0,5770345,74,4467,4,ADC-AC-X100,1,708,20260119,269,11351693,220865,ALARM.COM INC
8888RTV,0,5773456,112,5307,1,500205/LSH20,20,842,20260120,20.2,11351302,8996,ADI
8888RTV,0,5773456,43,5252,1,XRN-820S-4TB,1,831,20260121,572.87,11349489,8996,ADI
8888RTV,0,5773456,426,5251,1,SBV-A14B,10,821,20260121,21.02,11349461,8996,ADI
8888RTV,0,5770345,2,4406,3,ADC-AC-ET10,4,650,20260121,143.15,11342500,220865,ALARM.COM INC
8888RTV,0,5773456,416,5287,5,ANE-L7012L,5,827,20260121,88.43,11351074,8996,ADI
8888RTV,0,5773456,162,5453,1,XRN-1620SB1-4TB,1,357,20260122,790.61,11355771,8996,ADI
8888RTV,0,5770345,10,4497,1,ADC-AC-X1100,1,688,20260122,330,11355892,220865,ALARM.COM INC
8888RTV,0,5773456,196,4310,1,CB110,3,180,20260122,8.68,11315259,8996,ADI
8888RTV,0,5773456,43,5155,1,XRN-820S-4TB,1,608,20260116,572.87,11346799,8996,ADI
8888RTV,0,5770345,4,4429,1,ADC-AC-ET25,2,293,20260119,244.73,11346903,220865,ALARM.COM INC
8888RTV,0,5770347,1,360,1,EN-BR304P-0,1,838,20260120,434.25,11351436,242767,EAGLE EYE NETWORKS INC
8888RTV,0,5773456,208,5038,1,CB140PT,10,185,20260120,11.83,11342074,8996,ADI
8888RTV,0,5770345,10,4461,1,ADC-AC-X1100,1,940,20260120,330,11350964,220865,ALARM.COM INC
8888RTV,0,5773456,320,5381,1,CAT5RJ45J,5,685,20260120,32.51,11353659,8996,ADI
8888RTV,0,5770462,23,2838,2,710548EWTA,24000,608,20260121,0.139926786,11333018,6332,PAIGE ELECTRIC CO LP
8888RTV,0,5773456,279,5442,1,ANV-L7012R,12,275,20260121,57.64,11355416,8996,ADI
8888RTV,0,5773456,196,4308,1,CB110,6,831,20260121,8.68,11315253,8996,ADI
8888RTV,0,5773456,176,5432,2,XRN-420S-2TB,10,685,20260121,293.72,11355415,8996,ADI
8888RTV,0,5770345,15,4459,1,ADC-V724X,10,137,20260121,104.26,11350920,220865,ALARM.COM INC
8888RTV,0,5770462,2,2899,1,493494,10000,688,20260121,0.1300625,11349417,6332,PAIGE ELECTRIC CO LP
8888RTV,0,5773456,91,5429,1,ANO-L7012R,6,884,20260121,57.64,11355425,8996,ADI
8888RTV,0,5773456,418,5294,2,SBP-137WMW1,2,850,20260121,27.89,11351071,8996,ADI
8888RTV,0,5773456,176,5384,1,XRN-420S-2TB,3,946,20260121,293.72,11353709,8996,ADI
8888RTV,0,5773456,91,5281,1,ANO-L7012R,8,777,20260122,57.64,11351058,8996,ADI
8888RTV,0,5770351,21,165,1,MR70S-1ADNAS,320,503,20260116,55,11108275,211550,NETGEAR INC
8888RTV,0,5770345,55,4358,1,ADC-VC728PF,59,501,20260116,151.27,11335547,220865,ALARM.COM INC
8888RTV,0,5773456,91,5217,3,ANO-L7012R,1,646,20260116,57.64,11348720,8996,ADI
8888RTV,0,5773456,196,4789,1,CB110,2,708,20260119,8.68,11331693,8996,ADI
8888RTV,0,5773456,394,5277,1,ANO-L7022R,3,185,20260120,57.64,11350921,8996,ADI
8888RTV,0,5773456,196,4260,1,CB110,16,725,20260121,8.68,11313309,8996,ADI
8888RTV,0,5773456,309,5206,1,ODC-59A,30,501,20260121,15.55,11347676,8996,ADI
8888RTV,0,5773456,394,5411,1,ANO-L7022R,4,678,20260122,57.64,11355258,8996,ADI
8888RTV,0,5773456,157,5318,1,XRN-420S-4TB,1,835,20260116,405.38,11351574,8996,ADI
8888RTV,0,5752082,35,4869,1,WG-21145501,12,686,20260116,50.58,11351344,8996,ADI
8888RTV,0,5770426,7,1532,2,B-ACS6100-DB,1,692,20260116,222.38,11349072,191253,BRIVO SYSTEMS LLC
8888RTV,0,5773456,426,5144,4,SBV-A14B,9,827,20260116,21.02,11345133,8996,ADI
8888RTV,0,5773456,224,5155,2,QNE-C9013RL,7,608,20260116,245.63,11346799,8996,ADI
8888RTV,0,5773456,279,5219,1,ANV-L7012R,8,940,20260116,57.64,11348739,8996,ADI
8888RTV,0,5770457,37,1351,2,20NKS-02-000000,1,831,20260119,162.65,11349499,7092,HID GLOBAL
8888RTV,0,5773456,176,5354,2,XRN-420S-2TB,6,831,20260120,293.72,11353185,8996,ADI
8888RTV,0,5773456,139,5371,2,HDMICP10,2,718,20260120,15.37,11353470,8996,ADI
8888RTV,0,5773456,279,5289,3,ANV-L7012R,20,185,20260120,57.64,11351070,8996,ADI
8888RTV,0,5773456,279,5227,3,ANV-L7012R,23,675,20260120,57.64,11348943,8996,ADI
8888RTV,0,5773456,279,5462,2,ANV-L7012R,4,826,20260121,57.64,11355999,8996,ADI
8888RTV,0,5773456,176,5438,1,XRN-420S-2TB,1,722,20260121,293.72,11355414,8996,ADI
8888RTV,0,5770415,43,592,7,IQR-PG,57,503,20260121,155,11268832,256872,"QOLSYS, INC"
8888RTV,0,5773456,162,5474,1,XRN-1620SB1-4TB,1,850,20260121,790.61,11356200,8996,ADI
8888RTV,0,5773456,170,5435,1,100-TC-B,51,842,20260122,3.19,11355423,8996,ADI
8888RTV,0,5773456,393,5435,5,ARN-810S-2TB,6,842,20260122,277.95,11355423,8996,ADI
8888RTV,0,5773456,91,5238,1,ANO-L7012R,6,294,20260116,57.64,11348938,8996,ADI
8888RTV,0,5773456,196,3912,1,CB110,16,708,20260116,8.68,11300139,8996,ADI
8888RTV,0,5773456,278,5167,1,PC110,4,608,20260116,9.46,11346867,8996,ADI
8888RTV,0,5770345,19,4460,1,ADC-VDB750-TH,4,832,20260120,99,11350948,220865,ALARM.COM INC
8888RTV,0,5773456,279,5362,2,ANV-L7012R,9,830,20260121,57.64,11353184,8996,ADI
8888RTV,0,5773456,393,5415,4,ARN-810S-2TB,2,669,20260121,277.95,11355317,8996,ADI
8888RTV,0,5773456,249,5220,1,TREX-XL2,3,137,20260121,102.21,11348738,8996,ADI
8888RTV,0,5773456,224,5229,2,QNE-C9013RL,3,815,20260121,245.63,11348946,8996,ADI
8888RTV,0,5773456,157,5472,2,XRN-420S-4TB,1,850,20260121,405.38,11356172,8996,ADI
8888RTV,0,5770348,9,104,2,98935-002,5,501,20260120,83,11322576,198147,KWIKSET CORPORATION
8888RTV,0,5770415,57,672,1,IQP4BASE-GRY,2,681,20260119,68.09,11344087,256872,"QOLSYS, INC"
8888RTV,0,5273154,13,15386,1,UB123A,54000,503,20260120,0.85,11313407,203219,UNIVERSAL POWER GROUP INC
8888RTV,0,5272817,56,23839,1,HDT228,1,812,20260120,36.95,11355404,101933,MATRIX NETWORK INC
8888RTV,0,5282114,235,37449,8,5800PIR,13,501,20260119,50.01,11322636,256963,ADEMCO INC
8888RTV,0,5282114,294,37382,7,6160VADT,150,503,20260122,94.72,11275511,256963,ADEMCO INC
8888RTV,0,5282114,476,37449,25,ADT7AIO-5,3912,501,20260119,186.95,11322636,256963,ADEMCO INC
8888RTV,0,5282114,257,37444,14,5819S,46,503,20260122,15.86,11322571,256963,ADEMCO INC
8888RTV,0,5773456,369,5319,1,GS108LP-100NAS,2,837,20260120,106.99,11351577,8996,ADI
8888RTV,0,5773456,320,5593,1,CAT5RJ45J,5,685,20260122,32.51,11360998,8996,ADI
8888RTV,0,5282114,365,37444,24,SIXSHOCK2A,9196,503,20260122,13.91,11322571,256963,ADEMCO INC
